Warning: Duplicate composition key "382;97" - overwriting previous label.
  - previous: targetId "382_97", newLabel "helper"
  - new:      targetId "1184_97", newLabel "aid"

Warning: Duplicate composition key "382;6436" - overwriting previous label.
  - previous: targetId "382_6436", newLabel "helpfulness"
  - new:      targetId "1184_6436", newLabel "assistance"

Warning: Duplicate composition key "382;98" - overwriting previous label.
  - previous: targetId "382_98", newLabel "helps"
  - new:      targetId "1184_98", newLabel "aids"

Warning: Duplicate composition key "382;5998" - overwriting previous label.
  - previous: targetId "382_5998", newLabel "the aids"
  - new:      targetId "1184_5998", newLabel "the aids"

Warning: Duplicate composition key "382;5997" - overwriting previous label.
  - previous: targetId "382_5997", newLabel "the help"
  - new:      targetId "1184_5997", newLabel "the aid"

Warning: Duplicate composition key "447;97" - overwriting previous label.
  - previous: targetId "447_97", newLabel "brain"
  - new:      targetId "1333_97", newLabel "brain"

Warning: Duplicate composition key "447;6436" - overwriting previous label.
  - previous: targetId "447_6436", newLabel "mentality"
  - new:      targetId "1333_6436", newLabel "mind"

Warning: Duplicate composition key "447;98" - overwriting previous label.
  - previous: targetId "447_98", newLabel "minds"
  - new:      targetId "1333_98", newLabel "brains"

Warning: Duplicate composition key "447;5998" - overwriting previous label.
  - previous: targetId "447_5998", newLabel "the minds"
  - new:      targetId "1333_5998", newLabel "the brains"

Warning: Duplicate composition key "447;5997" - overwriting previous label.
  - previous: targetId "447_5997", newLabel "the mind"
  - new:      targetId "1333_5997", newLabel "the brain"

Warning: Duplicate composition key "933;85" - overwriting previous label.
  - previous: targetId "1335_85", newLabel "breakable"
  - new:      targetId "1343_85", newLabel "breakable"

Warning: Duplicate composition key "933;86" - overwriting previous label.
  - previous: targetId "1335_86", newLabel "fragile"
  - new:      targetId "1343_86", newLabel "broken"

Warning: Duplicate composition key "933;84" - overwriting previous label.
  - previous: targetId "1335_84", newLabel "broken"
  - new:      targetId "1343_84", newLabel "broken"

Warning: Duplicate composition key "933;911" - overwriting previous label.
  - previous: targetId "1335_911", newLabel "broken"
  - new:      targetId "1343_911", newLabel "broken"

Warning: Duplicate composition key "933;914" - overwriting previous label.
  - previous: targetId "1335_914", newLabel "breaking"
  - new:      targetId "1343_914", newLabel "breaking"

Warning: Duplicate composition key "933;912" - overwriting previous label.
  - previous: targetId "1335_912", newLabel "broken"
  - new:      targetId "1343_912", newLabel "broken"

Warning: Duplicate composition key "933;902" - overwriting previous label.
  - previous: targetId "1335_902", newLabel "fragilely"
  - new:      targetId "1343_902", newLabel "brokenly"

Warning: Duplicate composition key "319;85" - overwriting previous label.
  - previous: targetId "1353_85", newLabel "burnable"
  - new:      targetId "1354_85", newLabel "burnable"

Warning: Duplicate composition key "319;86" - overwriting previous label.
  - previous: targetId "1353_86", newLabel "burnt"
  - new:      targetId "1354_86", newLabel "burning"

Warning: Duplicate composition key "319;84" - overwriting previous label.
  - previous: targetId "1353_84", newLabel "burnt"
  - new:      targetId "1354_84", newLabel "burnt"

Warning: Duplicate composition key "319;911" - overwriting previous label.
  - previous: targetId "1353_911", newLabel "burned"
  - new:      targetId "1354_911", newLabel "burnt"

Warning: Duplicate composition key "319;914" - overwriting previous label.
  - previous: targetId "1353_914", newLabel "burning"
  - new:      targetId "1354_914", newLabel "burning"

Warning: Duplicate composition key "319;912" - overwriting previous label.
  - previous: targetId "1353_912", newLabel "burnt"
  - new:      targetId "1354_912", newLabel "burnt"

Warning: Duplicate composition key "319;902" - overwriting previous label.
  - previous: targetId "1353_902", newLabel "burningly"
  - new:      targetId "1354_902", newLabel "burningly"

Warning: Duplicate composition key "206;81" - overwriting previous label.
  - previous: targetId "1383_81", newLabel "cause"
  - new:      targetId "1384_81", newLabel "be caused by"

Warning: Duplicate composition key "206;82" - overwriting previous label.
  - previous: targetId "1383_82", newLabel "causes"
  - new:      targetId "1384_82", newLabel "cause"

Warning: Duplicate composition key "206;92" - overwriting previous label.
  - previous: targetId "1383_92", newLabel "caused"
  - new:      targetId "1384_92", newLabel "was caused by"

Warning: Duplicate composition key "206;928" - overwriting previous label.
  - previous: targetId "1383_928", newLabel "causes"
  - new:      targetId "1384_928", newLabel "is caused by"

Warning: Duplicate composition key "206;87" - overwriting previous label.
  - previous: targetId "1383_87", newLabel "will cause"
  - new:      targetId "1384_87", newLabel "will be caused by"

Warning: Duplicate composition key "206;903" - overwriting previous label.
  - previous: targetId "1383_903", newLabel "causing"
  - new:      targetId "1384_903", newLabel "being caused by"

Warning: Duplicate composition key "206;907" - overwriting previous label.
  - previous: targetId "1383_907", newLabel "Cause"
  - new:      targetId "1384_907", newLabel "be caused by"

Warning: Duplicate composition key "206;93" - overwriting previous label.
  - previous: targetId "1383_93", newLabel "would have caused"
  - new:      targetId "1384_93", newLabel "would have been caused by"

Warning: Duplicate composition key "206;83" - overwriting previous label.
  - previous: targetId "1383_83", newLabel "would cause"
  - new:      targetId "1384_83", newLabel "would be caused by"

Warning: Duplicate composition key "206;88" - overwriting previous label.
  - previous: targetId "1383_88", newLabel "would cause"
  - new:      targetId "1384_88", newLabel "would be caused by"

Warning: Duplicate composition key "206;95" - overwriting previous label.
  - previous: targetId "1383_95", newLabel "was caused"
  - new:      targetId "1384_95", newLabel "was caused by"

Warning: Duplicate composition key "206;91" - overwriting previous label.
  - previous: targetId "1383_91", newLabel "caused"
  - new:      targetId "1384_91", newLabel "been caused"

Warning: Duplicate composition key "206;89" - overwriting previous label.
  - previous: targetId "1383_89", newLabel "will be caused"
  - new:      targetId "1384_89", newLabel "will be caused by"

Warning: Duplicate composition key "206;94" - overwriting previous label.
  - previous: targetId "1383_94", newLabel "would have been caused"
  - new:      targetId "1384_94", newLabel "would have been caused by"

Warning: Duplicate composition key "206;96" - overwriting previous label.
  - previous: targetId "1383_96", newLabel "would be caused"
  - new:      targetId "1384_96", newLabel "would be caused by"

Warning: Duplicate composition key "206;90" - overwriting previous label.
  - previous: targetId "1383_90", newLabel "would be caused"
  - new:      targetId "1384_90", newLabel "would be caused by"

Warning: Duplicate composition key "655;97" - overwriting previous label.
  - previous: targetId "655_97", newLabel "clock"
  - new:      targetId "1427_97", newLabel "clock"

Warning: Duplicate composition key "655;6436" - overwriting previous label.
  - previous: targetId "655_6436", newLabel "temporality"
  - new:      targetId "1427_6436", newLabel "time"

Warning: Duplicate composition key "655;98" - overwriting previous label.
  - previous: targetId "655_98", newLabel "times"
  - new:      targetId "1427_98", newLabel "clocks"

Warning: Duplicate composition key "655;5998" - overwriting previous label.
  - previous: targetId "655_5998", newLabel "the times"
  - new:      targetId "1427_5998", newLabel "the clocks"

Warning: Duplicate composition key "655;5997" - overwriting previous label.
  - previous: targetId "655_5997", newLabel "the time"
  - new:      targetId "1427_5997", newLabel "the clock"

Warning: Duplicate composition key "963;97" - overwriting previous label.
  - previous: targetId "963_97", newLabel "copy"
  - new:      targetId "1462_97", newLabel "copy"

Warning: Duplicate composition key "963;6436" - overwriting previous label.
  - previous: targetId "963_6436", newLabel "repetition"
  - new:      targetId "1462_6436", newLabel "duplication"

Warning: Duplicate composition key "963;98" - overwriting previous label.
  - previous: targetId "963_98", newLabel "repetitions"
  - new:      targetId "1462_98", newLabel "copies"

Warning: Duplicate composition key "963;5998" - overwriting previous label.
  - previous: targetId "963_5998", newLabel "the repetitions"
  - new:      targetId "1462_5998", newLabel "the copies"

Warning: Duplicate composition key "963;5997" - overwriting previous label.
  - previous: targetId "963_5997", newLabel "the repetition"
  - new:      targetId "1462_5997", newLabel "the copy"

Warning: Duplicate composition key "423;97" - overwriting previous label.
  - previous: targetId "423_97", newLabel "living thing"
  - new:      targetId "1489_97", newLabel "creature"

Warning: Duplicate composition key "423;6436" - overwriting previous label.
  - previous: targetId "423_6436", newLabel "livelihood"
  - new:      targetId "1489_6436", newLabel "life"

Warning: Duplicate composition key "423;98" - overwriting previous label.
  - previous: targetId "423_98", newLabel "lives"
  - new:      targetId "1489_98", newLabel "creatures"

Warning: Duplicate composition key "423;5998" - overwriting previous label.
  - previous: targetId "423_5998", newLabel "the lives"
  - new:      targetId "1489_5998", newLabel "the creatures"

Warning: Duplicate composition key "423;5997" - overwriting previous label.
  - previous: targetId "423_5997", newLabel "the life"
  - new:      targetId "1489_5997", newLabel "the creature"

Warning: Duplicate composition key "264;85/723" - overwriting previous label.
  - previous: targetId "1601_85", newLabel "embarrassable"
  - new:      targetId "1602_85", newLabel "embarrassable"

Warning: Duplicate composition key "264;86/723" - overwriting previous label.
  - previous: targetId "1601_86", newLabel "embarrassed"
  - new:      targetId "1602_86", newLabel "embarrassing"

Warning: Duplicate composition key "264;84/723" - overwriting previous label.
  - previous: targetId "1601_84", newLabel "embarrassed"
  - new:      targetId "1602_84", newLabel "embarrassed"

Warning: Duplicate composition key "264;911/723" - overwriting previous label.
  - previous: targetId "1601_911", newLabel "embarrassed"
  - new:      targetId "1602_911", newLabel "embarrassed"

Warning: Duplicate composition key "264;914/723" - overwriting previous label.
  - previous: targetId "1601_914", newLabel "embarrassing"
  - new:      targetId "1602_914", newLabel "embarrassing"

Warning: Duplicate composition key "264;912/723" - overwriting previous label.
  - previous: targetId "1601_912", newLabel "had been embarrassed"
  - new:      targetId "1602_912", newLabel "embarrassed"

Warning: Duplicate composition key "264;902/723" - overwriting previous label.
  - previous: targetId "1601_902", newLabel "embarrassedly"
  - new:      targetId "1602_902", newLabel "embarrassingly"

Warning: Duplicate composition key "319;85" - overwriting previous label.
  - previous: targetId "1354_85", newLabel "burnable"
  - new:      targetId "1675_85", newLabel "flammable"

Warning: Duplicate composition key "319;86" - overwriting previous label.
  - previous: targetId "1354_86", newLabel "burning"
  - new:      targetId "1675_86", newLabel "combustible"

Warning: Duplicate composition key "319;84" - overwriting previous label.
  - previous: targetId "1354_84", newLabel "burnt"
  - new:      targetId "1675_84", newLabel "burnt"

Warning: Duplicate composition key "319;911" - overwriting previous label.
  - previous: targetId "1354_911", newLabel "burnt"
  - new:      targetId "1675_911", newLabel "burnt"

Warning: Duplicate composition key "319;914" - overwriting previous label.
  - previous: targetId "1354_914", newLabel "burning"
  - new:      targetId "1675_914", newLabel "burning"

Warning: Duplicate composition key "319;912" - overwriting previous label.
  - previous: targetId "1354_912", newLabel "burnt"
  - new:      targetId "1675_912", newLabel "burned"

Warning: Duplicate composition key "319;902" - overwriting previous label.
  - previous: targetId "1354_902", newLabel "burningly"
  - new:      targetId "1675_902", newLabel "combustibly"

Warning: Duplicate composition key "313;85/1019" - overwriting previous label.
  - previous: targetId "1710_85", newLabel "frustrating"
  - new:      targetId "1711_85", newLabel "frustratable"

Warning: Duplicate composition key "313;86/1019" - overwriting previous label.
  - previous: targetId "1710_86", newLabel "frustrated"
  - new:      targetId "1711_86", newLabel "frustrating"

Warning: Duplicate composition key "313;84/1019" - overwriting previous label.
  - previous: targetId "1710_84", newLabel "frustrated"
  - new:      targetId "1711_84", newLabel "frustrated"

Warning: Duplicate composition key "313;911/1019" - overwriting previous label.
  - previous: targetId "1710_911", newLabel "frustrated"
  - new:      targetId "1711_911", newLabel "frustrated"

Warning: Duplicate composition key "313;914/1019" - overwriting previous label.
  - previous: targetId "1710_914", newLabel "frustrating"
  - new:      targetId "1711_914", newLabel "frustrating"

Warning: Duplicate composition key "313;912/1019" - overwriting previous label.
  - previous: targetId "1710_912", newLabel "frustrated"
  - new:      targetId "1711_912", newLabel "frustrated"

Warning: Duplicate composition key "313;902/1019" - overwriting previous label.
  - previous: targetId "1710_902", newLabel "frustratedly"
  - new:      targetId "1711_902", newLabel "frustratingly"

Warning: Duplicate composition key "840;97/RK:-2/374" - overwriting previous label.
  - previous: targetId "1474_97", newLabel "handicraft"
  - new:      targetId "1776_97", newLabel "handicraft"

Warning: Duplicate composition key "840;6436/RK:-2/374" - overwriting previous label.
  - previous: targetId "1474_6436", newLabel "craftsmanship"
  - new:      targetId "1776_6436", newLabel "craftsmanship"

Warning: Duplicate composition key "840;98/RK:-2/374" - overwriting previous label.
  - previous: targetId "1474_98", newLabel "crafts"
  - new:      targetId "1776_98", newLabel "handicrafts"

Warning: Duplicate composition key "840;5998/RK:-2/374" - overwriting previous label.
  - previous: targetId "1474_5998", newLabel "the crafts"
  - new:      targetId "1776_5998", newLabel "the handicrafts"

Warning: Duplicate composition key "840;5997/RK:-2/374" - overwriting previous label.
  - previous: targetId "1474_5997", newLabel "the craft"
  - new:      targetId "1776_5997", newLabel "the handicraft"

Warning: Duplicate composition key "313;97" - overwriting previous label.
  - previous: targetId "313_97", newLabel "feeling"
  - new:      targetId "1797_97", newLabel "heart"

Warning: Duplicate composition key "313;6436" - overwriting previous label.
  - previous: targetId "313_6436", newLabel "emotional"
  - new:      targetId "1797_6436", newLabel "emotion"

Warning: Duplicate composition key "313;98" - overwriting previous label.
  - previous: targetId "313_98", newLabel "feelings"
  - new:      targetId "1797_98", newLabel "hearts"

Warning: Duplicate composition key "313;5998" - overwriting previous label.
  - previous: targetId "313_5998", newLabel "the feelings"
  - new:      targetId "1797_5998", newLabel "the hearts"

Warning: Duplicate composition key "313;5997" - overwriting previous label.
  - previous: targetId "313_5997", newLabel "the feeling"
  - new:      targetId "1797_5997", newLabel "the heart"

Warning: Duplicate composition key "428;97" - overwriting previous label.
  - previous: targetId "428_97", newLabel "line"
  - new:      targetId "1941_97", newLabel "line"

Warning: Duplicate composition key "428;6436" - overwriting previous label.
  - previous: targetId "428_6436", newLabel "linearity"
  - new:      targetId "1941_6436", newLabel "linearity"

Warning: Duplicate composition key "428;98" - overwriting previous label.
  - previous: targetId "428_98", newLabel "lines"
  - new:      targetId "1941_98", newLabel "lines"

Warning: Duplicate composition key "428;5998" - overwriting previous label.
  - previous: targetId "428_5998", newLabel "the lines"
  - new:      targetId "1941_5998", newLabel "the lines"

Warning: Duplicate composition key "428;5997" - overwriting previous label.
  - previous: targetId "428_5997", newLabel "the line"
  - new:      targetId "1941_5997", newLabel "the line"

Warning: Duplicate composition key "259;85" - overwriting previous label.
  - previous: targetId "1511_85", newLabel "mortal"
  - new:      targetId "2031_85", newLabel "mortal"

Warning: Duplicate composition key "259;86" - overwriting previous label.
  - previous: targetId "1511_86", newLabel "dead"
  - new:      targetId "2031_86", newLabel "mortal"

Warning: Duplicate composition key "259;84" - overwriting previous label.
  - previous: targetId "1511_84", newLabel "dead"
  - new:      targetId "2031_84", newLabel "dead"

Warning: Duplicate composition key "259;911" - overwriting previous label.
  - previous: targetId "1511_911", newLabel "dead"
  - new:      targetId "2031_911", newLabel "mortaled"

Warning: Duplicate composition key "259;914" - overwriting previous label.
  - previous: targetId "1511_914", newLabel "dying"
  - new:      targetId "2031_914", newLabel "mortaling"

Warning: Duplicate composition key "259;912" - overwriting previous label.
  - previous: targetId "1511_912", newLabel "deceased"
  - new:      targetId "2031_912", newLabel "mortaled"

Warning: Duplicate composition key "259;902" - overwriting previous label.
  - previous: targetId "1511_902", newLabel "deadly"
  - new:      targetId "2031_902", newLabel "mortally"

Warning: Duplicate composition key "459;97" - overwriting previous label.
  - previous: targetId "459_97", newLabel "multiplier"
  - new:      targetId "2044_97", newLabel "multitude"

Warning: Duplicate composition key "459;6436" - overwriting previous label.
  - previous: targetId "459_6436", newLabel "multiplicative"
  - new:      targetId "2044_6436", newLabel "multiplicity"

Warning: Duplicate composition key "459;98" - overwriting previous label.
  - previous: targetId "459_98", newLabel "multiplications"
  - new:      targetId "2044_98", newLabel "multitudes"

Warning: Duplicate composition key "459;5998" - overwriting previous label.
  - previous: targetId "459_5998", newLabel "the multiplications"
  - new:      targetId "2044_5998", newLabel "the multitudes"

Warning: Duplicate composition key "459;5997" - overwriting previous label.
  - previous: targetId "459_5997", newLabel "the multiplication"
  - new:      targetId "2044_5997", newLabel "the multitude"

Warning: Duplicate composition key "1047;97" - overwriting previous label.
  - previous: targetId "1047_97", newLabel "syringe"
  - new:      targetId "2064_97", newLabel "syringe"

Warning: Duplicate composition key "1047;6436" - overwriting previous label.
  - previous: targetId "1047_6436", newLabel "injection"
  - new:      targetId "2064_6436", newLabel "injection"

Warning: Duplicate composition key "1047;98" - overwriting previous label.
  - previous: targetId "1047_98", newLabel "injections"
  - new:      targetId "2064_98", newLabel "hypodermic needles"

Warning: Duplicate composition key "1047;5998" - overwriting previous label.
  - previous: targetId "1047_5998", newLabel "the injections"
  - new:      targetId "2064_5998", newLabel "the needles"

Warning: Duplicate composition key "1047;5997" - overwriting previous label.
  - previous: targetId "1047_5997", newLabel "the injection"
  - new:      targetId "2064_5997", newLabel "the syringe"

Warning: Duplicate composition key "710;99/10/160" - overwriting previous label.
  - previous: targetId "2053_99", newLabel "our"
  - new:      targetId "2116_99", newLabel "ours"

Warning: Duplicate composition key "710;5996/10/160" - overwriting previous label.
  - previous: targetId "2053_5996", newLabel "those of mine"
  - new:      targetId "2116_5996", newLabel "those of ours"

Warning: Duplicate composition key "710;904/10/160" - overwriting previous label.
  - previous: targetId "2053_904", newLabel "the mine"
  - new:      targetId "2116_904", newLabel "the ours (f.)"

Warning: Duplicate composition key "710;97/10/160" - overwriting previous label.
  - previous: targetId "2053_97", newLabel "my thing"
  - new:      targetId "2116_97", newLabel "our women"

Warning: Duplicate composition key "710;6436/10/160" - overwriting previous label.
  - previous: targetId "2053_6436", newLabel "femininity"
  - new:      targetId "2116_6436", newLabel "femininity"

Warning: Duplicate composition key "710;98/10/160" - overwriting previous label.
  - previous: targetId "2053_98", newLabel "my things"
  - new:      targetId "2116_98", newLabel "our things"

Warning: Duplicate composition key "710;5998/10/160" - overwriting previous label.
  - previous: targetId "2053_5998", newLabel "my things"
  - new:      targetId "2116_5998", newLabel "our things"

Warning: Duplicate composition key "710;5997/10/160" - overwriting previous label.
  - previous: targetId "2053_5997", newLabel "the female's"
  - new:      targetId "2116_5997", newLabel "our feminine thing"

Warning: Duplicate composition key "710;908/10/160" - overwriting previous label.
  - previous: targetId "2053_908", newLabel "a woman's"
  - new:      targetId "2116_908", newLabel "some of our women's"

Warning: Duplicate composition key "710;910/10/160" - overwriting previous label.
  - previous: targetId "2053_910", newLabel "me (f.)"
  - new:      targetId "2116_910", newLabel "us (f.)"

Warning: Duplicate composition key "710;6439/10/160" - overwriting previous label.
  - previous: targetId "2053_6439", newLabel "to me"
  - new:      targetId "2116_6439", newLabel "to us (f.)"

Warning: Duplicate composition key "710;905/10/160" - overwriting previous label.
  - previous: targetId "2053_905", newLabel "my"
  - new:      targetId "2116_905", newLabel "ours (f.)"

Warning: Duplicate composition key "710;909/10/160" - overwriting previous label.
  - previous: targetId "2053_909", newLabel "my"
  - new:      targetId "2116_909", newLabel "ours"

Warning: Duplicate composition key "710;906/10/160" - overwriting previous label.
  - previous: targetId "2053_906", newLabel "mine"
  - new:      targetId "2116_906", newLabel "ours"

Warning: Duplicate composition key "710;915/10/160" - overwriting previous label.
  - previous: targetId "2053_915", newLabel "your"
  - new:      targetId "2116_915", newLabel "your"

Warning: Duplicate composition key "710;916/10/160" - overwriting previous label.
  - previous: targetId "2053_916", newLabel "her"
  - new:      targetId "2116_916", newLabel "their (f.)"

Warning: Duplicate composition key "710;913/10/160" - overwriting previous label.
  - previous: targetId "2053_913", newLabel "my"
  - new:      targetId "2116_913", newLabel "ours"

Warning: Duplicate composition key "710;992/10/160" - overwriting previous label.
  - previous: targetId "2053_992", newLabel "my little girl's"
  - new:      targetId "2116_992", newLabel "our little girl's"

Warning: Duplicate composition key "433;99/10/160" - overwriting previous label.
  - previous: targetId "2054_99", newLabel "our"
  - new:      targetId "2117_99", newLabel "ours"

Warning: Duplicate composition key "433;5996/10/160" - overwriting previous label.
  - previous: targetId "2054_5996", newLabel "my ones"
  - new:      targetId "2117_5996", newLabel "our men"

Warning: Duplicate composition key "433;904/10/160" - overwriting previous label.
  - previous: targetId "2054_904", newLabel "my own"
  - new:      targetId "2117_904", newLabel "our masculine"

Warning: Duplicate composition key "433;97/10/160" - overwriting previous label.
  - previous: targetId "2054_97", newLabel "my thing"
  - new:      targetId "2117_97", newLabel "our man"

Warning: Duplicate composition key "433;6436/10/160" - overwriting previous label.
  - previous: targetId "2054_6436", newLabel "masculinity"
  - new:      targetId "2117_6436", newLabel "masculinity"

Warning: Duplicate composition key "433;98/10/160" - overwriting previous label.
  - previous: targetId "2054_98", newLabel "my things"
  - new:      targetId "2117_98", newLabel "our things"

Warning: Duplicate composition key "433;5998/10/160" - overwriting previous label.
  - previous: targetId "2054_5998", newLabel "my things"
  - new:      targetId "2117_5998", newLabel "our things"

Warning: Duplicate composition key "433;5997/10/160" - overwriting previous label.
  - previous: targetId "2054_5997", newLabel "my thing"
  - new:      targetId "2117_5997", newLabel "our thing"

Warning: Duplicate composition key "433;908/10/160" - overwriting previous label.
  - previous: targetId "2054_908", newLabel "a man's"
  - new:      targetId "2117_908", newLabel "some of our men"

Warning: Duplicate composition key "433;910/10/160" - overwriting previous label.
  - previous: targetId "2054_910", newLabel "me"
  - new:      targetId "2117_910", newLabel "us (m.)"

Warning: Duplicate composition key "433;6439/10/160" - overwriting previous label.
  - previous: targetId "2054_6439", newLabel "to me"
  - new:      targetId "2117_6439", newLabel "to us"

Warning: Duplicate composition key "433;905/10/160" - overwriting previous label.
  - previous: targetId "2054_905", newLabel "my, mine - (feminine)"
  - new:      targetId "2117_905", newLabel "our (f.)"

Warning: Duplicate composition key "433;909/10/160" - overwriting previous label.
  - previous: targetId "2054_909", newLabel "my"
  - new:      targetId "2117_909", newLabel "ours"

Warning: Duplicate composition key "433;906/10/160" - overwriting previous label.
  - previous: targetId "2054_906", newLabel "my"
  - new:      targetId "2117_906", newLabel "our"

Warning: Duplicate composition key "433;915/10/160" - overwriting previous label.
  - previous: targetId "2054_915", newLabel "your"
  - new:      targetId "2117_915", newLabel "your"

Warning: Duplicate composition key "433;916/10/160" - overwriting previous label.
  - previous: targetId "2054_916", newLabel "his"
  - new:      targetId "2117_916", newLabel "their"

Warning: Duplicate composition key "433;913/10/160" - overwriting previous label.
  - previous: targetId "2054_913", newLabel "mine"
  - new:      targetId "2117_913", newLabel "ours"

Warning: Duplicate composition key "433;992/10/160" - overwriting previous label.
  - previous: targetId "2054_992", newLabel "my little one"
  - new:      targetId "2117_992", newLabel "our little boy's"

Warning: Duplicate composition key "513;99/10/160" - overwriting previous label.
  - previous: targetId "2052_99", newLabel "our"
  - new:      targetId "2118_99", newLabel "ours"

Warning: Duplicate composition key "513;5996/10/160" - overwriting previous label.
  - previous: targetId "2052_5996", newLabel "our"
  - new:      targetId "2118_5996", newLabel "those of ours"

Warning: Duplicate composition key "513;904/10/160" - overwriting previous label.
  - previous: targetId "2052_904", newLabel "the mine"
  - new:      targetId "2118_904", newLabel "the ours"

Warning: Duplicate composition key "513;97/10/160" - overwriting previous label.
  - previous: targetId "2052_97", newLabel "my thing"
  - new:      targetId "2118_97", newLabel "our things"

Warning: Duplicate composition key "513;6436/10/160" - overwriting previous label.
  - previous: targetId "2052_6436", newLabel "myself"
  - new:      targetId "2118_6436", newLabel "ourselves"

Warning: Duplicate composition key "513;98/10/160" - overwriting previous label.
  - previous: targetId "2052_98", newLabel "my things"
  - new:      targetId "2118_98", newLabel "ours"

Warning: Duplicate composition key "513;5998/10/160" - overwriting previous label.
  - previous: targetId "2052_5998", newLabel "my things"
  - new:      targetId "2118_5998", newLabel "our things"

Warning: Duplicate composition key "513;5997/10/160" - overwriting previous label.
  - previous: targetId "2052_5997", newLabel "my thing"
  - new:      targetId "2118_5997", newLabel "our thing"

Warning: Duplicate composition key "513;908/10/160" - overwriting previous label.
  - previous: targetId "2052_908", newLabel "some of mine"
  - new:      targetId "2118_908", newLabel "some of ours"

Warning: Duplicate composition key "513;910/10/160" - overwriting previous label.
  - previous: targetId "2052_910", newLabel "me"
  - new:      targetId "2118_910", newLabel "us"

Warning: Duplicate composition key "513;6439/10/160" - overwriting previous label.
  - previous: targetId "2052_6439", newLabel "to me"
  - new:      targetId "2118_6439", newLabel "to us"

Warning: Duplicate composition key "513;905/10/160" - overwriting previous label.
  - previous: targetId "2052_905", newLabel "my (feminine)"
  - new:      targetId "2118_905", newLabel "our women's"

Warning: Duplicate composition key "513;909/10/160" - overwriting previous label.
  - previous: targetId "2052_909", newLabel "its"
  - new:      targetId "2118_909", newLabel "its"

Warning: Duplicate composition key "513;906/10/160" - overwriting previous label.
  - previous: targetId "2052_906", newLabel "mine"
  - new:      targetId "2118_906", newLabel "ours"

Warning: Duplicate composition key "513;915/10/160" - overwriting previous label.
  - previous: targetId "2052_915", newLabel "your"
  - new:      targetId "2118_915", newLabel "your"

Warning: Duplicate composition key "513;916/10/160" - overwriting previous label.
  - previous: targetId "2052_916", newLabel "their"
  - new:      targetId "2118_916", newLabel "their"

Warning: Duplicate composition key "513;913/10/160" - overwriting previous label.
  - previous: targetId "2052_913", newLabel "my"
  - new:      targetId "2118_913", newLabel "ours"

Warning: Duplicate composition key "513;992/10/160" - overwriting previous label.
  - previous: targetId "2052_992", newLabel "my little one"
  - new:      targetId "2118_992", newLabel "our little one's"

Warning: Duplicate composition key "548;97" - overwriting previous label.
  - previous: targetId "548_97", newLabel "shelter"
  - new:      targetId "2292_97", newLabel "roof"

Warning: Duplicate composition key "548;6436" - overwriting previous label.
  - previous: targetId "548_6436", newLabel "protection"
  - new:      targetId "2292_6436", newLabel "protection"

Warning: Duplicate composition key "548;98" - overwriting previous label.
  - previous: targetId "548_98", newLabel "shelters"
  - new:      targetId "2292_98", newLabel "roofs"

Warning: Duplicate composition key "548;5998" - overwriting previous label.
  - previous: targetId "548_5998", newLabel "the shelters"
  - new:      targetId "2292_5998", newLabel "the roofs"

Warning: Duplicate composition key "548;5997" - overwriting previous label.
  - previous: targetId "548_5997", newLabel "the shelter"
  - new:      targetId "2292_5997", newLabel "the roof"

Warning: Duplicate composition key "441;97" - overwriting previous label.
  - previous: targetId "441_97", newLabel "ruler"
  - new:      targetId "2301_97", newLabel "ruler"

Warning: Duplicate composition key "441;6436" - overwriting previous label.
  - previous: targetId "441_6436", newLabel "dimension"
  - new:      targetId "2301_6436", newLabel "measurement"

Warning: Duplicate composition key "441;98" - overwriting previous label.
  - previous: targetId "441_98", newLabel "measurements"
  - new:      targetId "2301_98", newLabel "rulers"

Warning: Duplicate composition key "441;5998" - overwriting previous label.
  - previous: targetId "441_5998", newLabel "the measurements"
  - new:      targetId "2301_5998", newLabel "the rulers"

Warning: Duplicate composition key "441;5997" - overwriting previous label.
  - previous: targetId "441_5997", newLabel "the measurement"
  - new:      targetId "2301_5997", newLabel "the ruler"

Warning: Duplicate composition key "989;97" - overwriting previous label.
  - previous: targetId "989_97", newLabel "swing"
  - new:      targetId "2536_97", newLabel "swing"

Warning: Duplicate composition key "989;6436" - overwriting previous label.
  - previous: targetId "989_6436", newLabel "oscillation"
  - new:      targetId "2536_6436", newLabel "swinging"

Warning: Duplicate composition key "989;98" - overwriting previous label.
  - previous: targetId "989_98", newLabel "swings"
  - new:      targetId "2536_98", newLabel "swings"

Warning: Duplicate composition key "989;5998" - overwriting previous label.
  - previous: targetId "989_5998", newLabel "the swings"
  - new:      targetId "2536_5998", newLabel "the swings"

Warning: Duplicate composition key "989;5997" - overwriting previous label.
  - previous: targetId "989_5997", newLabel "the swing"
  - new:      targetId "2536_5997", newLabel "the swing"

Warning: Duplicate composition key "399;97" - overwriting previous label.
  - previous: targetId "399_97", newLabel "syringe"
  - new:      targetId "2542_97", newLabel "syringe"

Warning: Duplicate composition key "399;6436" - overwriting previous label.
  - previous: targetId "399_6436", newLabel "vaccination"
  - new:      targetId "2542_6436", newLabel "injection"

Warning: Duplicate composition key "399;98" - overwriting previous label.
  - previous: targetId "399_98", newLabel "injections"
  - new:      targetId "2542_98", newLabel "syringes"

Warning: Duplicate composition key "399;5998" - overwriting previous label.
  - previous: targetId "399_5998", newLabel "the injections"
  - new:      targetId "2542_5998", newLabel "the syringes"

Warning: Duplicate composition key "399;5997" - overwriting previous label.
  - previous: targetId "399_5997", newLabel "the injection"
  - new:      targetId "2542_5997", newLabel "the syringe"

Warning: Duplicate composition key "513;99/12/160" - overwriting previous label.
  - previous: targetId "1810_99", newLabel "their"
  - new:      targetId "2580_99", newLabel "theirs"

Warning: Duplicate composition key "513;5996/12/160" - overwriting previous label.
  - previous: targetId "1810_5996", newLabel "their"
  - new:      targetId "2580_5996", newLabel "those of theirs"

Warning: Duplicate composition key "513;904/12/160" - overwriting previous label.
  - previous: targetId "1810_904", newLabel "theirs"
  - new:      targetId "2580_904", newLabel "those of theirs"

Warning: Duplicate composition key "513;97/12/160" - overwriting previous label.
  - previous: targetId "1810_97", newLabel "possession"
  - new:      targetId "2580_97", newLabel "their things"

Warning: Duplicate composition key "513;6436/12/160" - overwriting previous label.
  - previous: targetId "1810_6436", newLabel "possessions"
  - new:      targetId "2580_6436", newLabel "their own"

Warning: Duplicate composition key "513;98/12/160" - overwriting previous label.
  - previous: targetId "1810_98", newLabel "their things"
  - new:      targetId "2580_98", newLabel "their things"

Warning: Duplicate composition key "513;5998/12/160" - overwriting previous label.
  - previous: targetId "1810_5998", newLabel "their things"
  - new:      targetId "2580_5998", newLabel "those things"

Warning: Duplicate composition key "513;5997/12/160" - overwriting previous label.
  - previous: targetId "1810_5997", newLabel "the thing"
  - new:      targetId "2580_5997", newLabel "those things"

Warning: Duplicate composition key "513;908/12/160" - overwriting previous label.
  - previous: targetId "1810_908", newLabel "a person's"
  - new:      targetId "2580_908", newLabel "some of theirs"

Warning: Duplicate composition key "513;910/12/160" - overwriting previous label.
  - previous: targetId "1810_910", newLabel "him/her"
  - new:      targetId "2580_910", newLabel "them"

Warning: Duplicate composition key "513;6439/12/160" - overwriting previous label.
  - previous: targetId "1810_6439", newLabel "to him or her"
  - new:      targetId "2580_6439", newLabel "to them"

Warning: Duplicate composition key "513;905/12/160" - overwriting previous label.
  - previous: targetId "1810_905", newLabel "hers"
  - new:      targetId "2580_905", newLabel "hers"

Warning: Duplicate composition key "513;909/12/160" - overwriting previous label.
  - previous: targetId "1810_909", newLabel "its"
  - new:      targetId "2580_909", newLabel "its"

Warning: Duplicate composition key "513;906/12/160" - overwriting previous label.
  - previous: targetId "1810_906", newLabel "my"
  - new:      targetId "2580_906", newLabel "mine"

Warning: Duplicate composition key "513;915/12/160" - overwriting previous label.
  - previous: targetId "1810_915", newLabel "your"
  - new:      targetId "2580_915", newLabel "your"

Warning: Duplicate composition key "513;916/12/160" - overwriting previous label.
  - previous: targetId "1810_916", newLabel "his her one's"
  - new:      targetId "2580_916", newLabel "theirs"

Warning: Duplicate composition key "513;913/12/160" - overwriting previous label.
  - previous: targetId "1810_913", newLabel "their"
  - new:      targetId "2580_913", newLabel "theirs"

Warning: Duplicate composition key "513;992/12/160" - overwriting previous label.
  - previous: targetId "1810_992", newLabel "his little one's"
  - new:      targetId "2580_992", newLabel "their little ones"

Warning: Duplicate composition key "710;99/12/160" - overwriting previous label.
  - previous: targetId "1804_99", newLabel "their"
  - new:      targetId "2582_99", newLabel "their females"

Warning: Duplicate composition key "710;5996/12/160" - overwriting previous label.
  - previous: targetId "1804_5996", newLabel "their"
  - new:      targetId "2582_5996", newLabel "those women's"

Warning: Duplicate composition key "710;904/12/160" - overwriting previous label.
  - previous: targetId "1804_904", newLabel "the her"
  - new:      targetId "2582_904", newLabel "those women's"

Warning: Duplicate composition key "710;97/12/160" - overwriting previous label.
  - previous: targetId "1804_97", newLabel "her thing"
  - new:      targetId "2582_97", newLabel "women"

Warning: Duplicate composition key "710;6436/12/160" - overwriting previous label.
  - previous: targetId "1804_6436", newLabel "femininity"
  - new:      targetId "2582_6436", newLabel "femininity"

Warning: Duplicate composition key "710;98/12/160" - overwriting previous label.
  - previous: targetId "1804_98", newLabel "their things"
  - new:      targetId "2582_98", newLabel "their things"

Warning: Duplicate composition key "710;5998/12/160" - overwriting previous label.
  - previous: targetId "1804_5998", newLabel "her things"
  - new:      targetId "2582_5998", newLabel "those things of theirs"

Warning: Duplicate composition key "710;5997/12/160" - overwriting previous label.
  - previous: targetId "1804_5997", newLabel "her thing"
  - new:      targetId "2582_5997", newLabel "those women"

Warning: Duplicate composition key "710;908/12/160" - overwriting previous label.
  - previous: targetId "1804_908", newLabel "a hers"
  - new:      targetId "2582_908", newLabel "some females"

Warning: Duplicate composition key "710;910/12/160" - overwriting previous label.
  - previous: targetId "1804_910", newLabel "her"
  - new:      targetId "2582_910", newLabel "them"

Warning: Duplicate composition key "710;6439/12/160" - overwriting previous label.
  - previous: targetId "1804_6439", newLabel "to her"
  - new:      targetId "2582_6439", newLabel "to them"

Warning: Duplicate composition key "710;905/12/160" - overwriting previous label.
  - previous: targetId "1804_905", newLabel "her"
  - new:      targetId "2582_905", newLabel "theirs"

Warning: Duplicate composition key "710;909/12/160" - overwriting previous label.
  - previous: targetId "1804_909", newLabel "its"
  - new:      targetId "2582_909", newLabel "their"

Warning: Duplicate composition key "710;906/12/160" - overwriting previous label.
  - previous: targetId "1804_906", newLabel "my"
  - new:      targetId "2582_906", newLabel "ours"

Warning: Duplicate composition key "710;915/12/160" - overwriting previous label.
  - previous: targetId "1804_915", newLabel "your"
  - new:      targetId "2582_915", newLabel "your"

Warning: Duplicate composition key "710;916/12/160" - overwriting previous label.
  - previous: targetId "1804_916", newLabel "hers"
  - new:      targetId "2582_916", newLabel "their"

Warning: Duplicate composition key "710;913/12/160" - overwriting previous label.
  - previous: targetId "1804_913", newLabel "hers"
  - new:      targetId "2582_913", newLabel "their"

Warning: Duplicate composition key "710;992/12/160" - overwriting previous label.
  - previous: targetId "1804_992", newLabel "her little one's"
  - new:      targetId "2582_992", newLabel "their little ones"

Warning: Duplicate composition key "433;99/12/160" - overwriting previous label.
  - previous: targetId "1809_99", newLabel "their"
  - new:      targetId "2583_99", newLabel "theirs"

Warning: Duplicate composition key "433;5996/12/160" - overwriting previous label.
  - previous: targetId "1809_5996", newLabel "their"
  - new:      targetId "2583_5996", newLabel "those of them"

Warning: Duplicate composition key "433;904/12/160" - overwriting previous label.
  - previous: targetId "1809_904", newLabel "the his"
  - new:      targetId "2583_904", newLabel "theirs"

Warning: Duplicate composition key "433;97/12/160" - overwriting previous label.
  - previous: targetId "1809_97", newLabel "his thing"
  - new:      targetId "2583_97", newLabel "their thing"

Warning: Duplicate composition key "433;6436/12/160" - overwriting previous label.
  - previous: targetId "1809_6436", newLabel "hisness"
  - new:      targetId "2583_6436", newLabel "masculinity"

Warning: Duplicate composition key "433;98/12/160" - overwriting previous label.
  - previous: targetId "1809_98", newLabel "their things"
  - new:      targetId "2583_98", newLabel "their things"

Warning: Duplicate composition key "433;5998/12/160" - overwriting previous label.
  - previous: targetId "1809_5998", newLabel "his things"
  - new:      targetId "2583_5998", newLabel "those things"

Warning: Duplicate composition key "433;5997/12/160" - overwriting previous label.
  - previous: targetId "1809_5997", newLabel "the thing of his"
  - new:      targetId "2583_5997", newLabel "those men"

Warning: Duplicate composition key "433;908/12/160" - overwriting previous label.
  - previous: targetId "1809_908", newLabel "a his"
  - new:      targetId "2583_908", newLabel "some of theirs"

Warning: Duplicate composition key "433;910/12/160" - overwriting previous label.
  - previous: targetId "1809_910", newLabel "him"
  - new:      targetId "2583_910", newLabel "them"

Warning: Duplicate composition key "433;6439/12/160" - overwriting previous label.
  - previous: targetId "1809_6439", newLabel "to him"
  - new:      targetId "2583_6439", newLabel "to them"

Warning: Duplicate composition key "433;905/12/160" - overwriting previous label.
  - previous: targetId "1809_905", newLabel "her"
  - new:      targetId "2583_905", newLabel "their (f.pl.)"

Warning: Duplicate composition key "433;909/12/160" - overwriting previous label.
  - previous: targetId "1809_909", newLabel "its"
  - new:      targetId "2583_909", newLabel "their"

Warning: Duplicate composition key "433;906/12/160" - overwriting previous label.
  - previous: targetId "1809_906", newLabel "my"
  - new:      targetId "2583_906", newLabel "ours"

Warning: Duplicate composition key "433;915/12/160" - overwriting previous label.
  - previous: targetId "1809_915", newLabel "your"
  - new:      targetId "2583_915", newLabel "your"

Warning: Duplicate composition key "433;916/12/160" - overwriting previous label.
  - previous: targetId "1809_916", newLabel "his"
  - new:      targetId "2583_916", newLabel "theirs"

Warning: Duplicate composition key "433;913/12/160" - overwriting previous label.
  - previous: targetId "1809_913", newLabel "his"
  - new:      targetId "2583_913", newLabel "their"

Warning: Duplicate composition key "433;992/12/160" - overwriting previous label.
  - previous: targetId "1809_992", newLabel "his little"
  - new:      targetId "2583_992", newLabel "their little ones"

Warning: Duplicate composition key "645;97" - overwriting previous label.
  - previous: targetId "645_97", newLabel "thermometer"
  - new:      targetId "2585_97", newLabel "thermometer"

Warning: Duplicate composition key "645;6436" - overwriting previous label.
  - previous: targetId "645_6436", newLabel "temperature"
  - new:      targetId "2585_6436", newLabel "temperature"

Warning: Duplicate composition key "645;98" - overwriting previous label.
  - previous: targetId "645_98", newLabel "temperatures"
  - new:      targetId "2585_98", newLabel "thermometers"

Warning: Duplicate composition key "645;5998" - overwriting previous label.
  - previous: targetId "645_5998", newLabel "the temperatures"
  - new:      targetId "2585_5998", newLabel "the thermometers"

Warning: Duplicate composition key "645;5997" - overwriting previous label.
  - previous: targetId "645_5997", newLabel "the temperature"
  - new:      targetId "2585_5997", newLabel "the thermometer"

Warning: Duplicate composition key "513;99/12" - overwriting previous label.
  - previous: targetId "1792_99", newLabel "they"
  - new:      targetId "2589_99", newLabel "they"

Warning: Duplicate composition key "513;5996/12" - overwriting previous label.
  - previous: targetId "1792_5996", newLabel "they"
  - new:      targetId "2589_5996", newLabel "those people"

Warning: Duplicate composition key "513;904/12" - overwriting previous label.
  - previous: targetId "1792_904", newLabel "the person"
  - new:      targetId "2589_904", newLabel "those people"

Warning: Duplicate composition key "513;97/12" - overwriting previous label.
  - previous: targetId "1792_97", newLabel "person"
  - new:      targetId "2589_97", newLabel "people"

Warning: Duplicate composition key "513;6436/12" - overwriting previous label.
  - previous: targetId "1792_6436", newLabel "personality"
  - new:      targetId "2589_6436", newLabel "humanity"

Warning: Duplicate composition key "513;98/12" - overwriting previous label.
  - previous: targetId "1792_98", newLabel "people"
  - new:      targetId "2589_98", newLabel "people"

Warning: Duplicate composition key "513;5998/12" - overwriting previous label.
  - previous: targetId "1792_5998", newLabel "those people"
  - new:      targetId "2589_5998", newLabel "those things"

Warning: Duplicate composition key "513;5997/12" - overwriting previous label.
  - previous: targetId "1792_5997", newLabel "that person"
  - new:      targetId "2589_5997", newLabel "those people"

Warning: Duplicate composition key "513;908/12" - overwriting previous label.
  - previous: targetId "1792_908", newLabel "someone"
  - new:      targetId "2589_908", newLabel "some people"

Warning: Duplicate composition key "513;910/12" - overwriting previous label.
  - previous: targetId "1792_910", newLabel "him"
  - new:      targetId "2589_910", newLabel "them"

Warning: Duplicate composition key "513;6439/12" - overwriting previous label.
  - previous: targetId "1792_6439", newLabel "to him or her"
  - new:      targetId "2589_6439", newLabel "to them"

Warning: Duplicate composition key "513;905/12" - overwriting previous label.
  - previous: targetId "1792_905", newLabel "she"
  - new:      targetId "2589_905", newLabel "they (feminine)"

Warning: Duplicate composition key "513;909/12" - overwriting previous label.
  - previous: targetId "1792_909", newLabel "it"
  - new:      targetId "2589_909", newLabel "it"

Warning: Duplicate composition key "513;906/12" - overwriting previous label.
  - previous: targetId "1792_906", newLabel "I"
  - new:      targetId "2589_906", newLabel "we"

Warning: Duplicate composition key "513;915/12" - overwriting previous label.
  - previous: targetId "1792_915", newLabel "you"
  - new:      targetId "2589_915", newLabel "you"

Warning: Duplicate composition key "513;916/12" - overwriting previous label.
  - previous: targetId "1792_916", newLabel "they"
  - new:      targetId "2589_916", newLabel "they"

Warning: Duplicate composition key "513;913/12" - overwriting previous label.
  - previous: targetId "1792_913", newLabel "their"
  - new:      targetId "2589_913", newLabel "their"

Warning: Duplicate composition key "513;992/12" - overwriting previous label.
  - previous: targetId "1792_992", newLabel "child"
  - new:      targetId "2589_992", newLabel "little people"

Warning: Duplicate composition key "710;99/12" - overwriting previous label.
  - previous: targetId "2377_99", newLabel "they"
  - new:      targetId "2590_99", newLabel "women"

Warning: Duplicate composition key "710;5996/12" - overwriting previous label.
  - previous: targetId "2377_5996", newLabel "they"
  - new:      targetId "2590_5996", newLabel "those women"

Warning: Duplicate composition key "710;904/12" - overwriting previous label.
  - previous: targetId "2377_904", newLabel "the woman"
  - new:      targetId "2590_904", newLabel "those women"

Warning: Duplicate composition key "710;97/12" - overwriting previous label.
  - previous: targetId "2377_97", newLabel "woman"
  - new:      targetId "2590_97", newLabel "women"

Warning: Duplicate composition key "710;6436/12" - overwriting previous label.
  - previous: targetId "2377_6436", newLabel "femininity"
  - new:      targetId "2590_6436", newLabel "femininity"

Warning: Duplicate composition key "710;98/12" - overwriting previous label.
  - previous: targetId "2377_98", newLabel "women"
  - new:      targetId "2590_98", newLabel "women"

Warning: Duplicate composition key "710;5998/12" - overwriting previous label.
  - previous: targetId "2377_5998", newLabel "those women"
  - new:      targetId "2590_5998", newLabel "those women"

Warning: Duplicate composition key "710;5997/12" - overwriting previous label.
  - previous: targetId "2377_5997", newLabel "the woman"
  - new:      targetId "2590_5997", newLabel "those women"

Warning: Duplicate composition key "710;908/12" - overwriting previous label.
  - previous: targetId "2377_908", newLabel "a woman"
  - new:      targetId "2590_908", newLabel "some women"

Warning: Duplicate composition key "710;910/12" - overwriting previous label.
  - previous: targetId "2377_910", newLabel "her"
  - new:      targetId "2590_910", newLabel "them"

Warning: Duplicate composition key "710;6439/12" - overwriting previous label.
  - previous: targetId "2377_6439", newLabel "to her"
  - new:      targetId "2590_6439", newLabel "to them"

Warning: Duplicate composition key "710;905/12" - overwriting previous label.
  - previous: targetId "2377_905", newLabel "she"
  - new:      targetId "2590_905", newLabel "women"

Warning: Duplicate composition key "710;909/12" - overwriting previous label.
  - previous: targetId "2377_909", newLabel "it"
  - new:      targetId "2590_909", newLabel "they"

Warning: Duplicate composition key "710;906/12" - overwriting previous label.
  - previous: targetId "2377_906", newLabel "I"
  - new:      targetId "2590_906", newLabel "we (feminine)"

Warning: Duplicate composition key "710;915/12" - overwriting previous label.
  - previous: targetId "2377_915", newLabel "you"
  - new:      targetId "2590_915", newLabel "you women"

Warning: Duplicate composition key "710;916/12" - overwriting previous label.
  - previous: targetId "2377_916", newLabel "she"
  - new:      targetId "2590_916", newLabel "their"

Warning: Duplicate composition key "710;913/12" - overwriting previous label.
  - previous: targetId "2377_913", newLabel "her"
  - new:      targetId "2590_913", newLabel "their"

Warning: Duplicate composition key "710;992/12" - overwriting previous label.
  - previous: targetId "2377_992", newLabel "girl"
  - new:      targetId "2590_992", newLabel "little girls"

Warning: Duplicate composition key "433;99/12" - overwriting previous label.
  - previous: targetId "1791_99", newLabel "they"
  - new:      targetId "2591_99", newLabel "they"

Warning: Duplicate composition key "433;5996/12" - overwriting previous label.
  - previous: targetId "1791_5996", newLabel "they"
  - new:      targetId "2591_5996", newLabel "those men"

Warning: Duplicate composition key "433;904/12" - overwriting previous label.
  - previous: targetId "1791_904", newLabel "the man"
  - new:      targetId "2591_904", newLabel "those men"

Warning: Duplicate composition key "433;97/12" - overwriting previous label.
  - previous: targetId "1791_97", newLabel "man"
  - new:      targetId "2591_97", newLabel "men"

Warning: Duplicate composition key "433;6436/12" - overwriting previous label.
  - previous: targetId "1791_6436", newLabel "manhood"
  - new:      targetId "2591_6436", newLabel "masculinity"

Warning: Duplicate composition key "433;98/12" - overwriting previous label.
  - previous: targetId "1791_98", newLabel "they"
  - new:      targetId "2591_98", newLabel "men"

Warning: Duplicate composition key "433;5998/12" - overwriting previous label.
  - previous: targetId "1791_5998", newLabel "those men"
  - new:      targetId "2591_5998", newLabel "those men"

Warning: Duplicate composition key "433;5997/12" - overwriting previous label.
  - previous: targetId "1791_5997", newLabel "the man"
  - new:      targetId "2591_5997", newLabel "those men"

Warning: Duplicate composition key "433;908/12" - overwriting previous label.
  - previous: targetId "1791_908", newLabel "a man"
  - new:      targetId "2591_908", newLabel "some men"

Warning: Duplicate composition key "433;910/12" - overwriting previous label.
  - previous: targetId "1791_910", newLabel "him"
  - new:      targetId "2591_910", newLabel "them"

Warning: Duplicate composition key "433;6439/12" - overwriting previous label.
  - previous: targetId "1791_6439", newLabel "to him"
  - new:      targetId "2591_6439", newLabel "to them"

Warning: Duplicate composition key "433;905/12" - overwriting previous label.
  - previous: targetId "1791_905", newLabel "she"
  - new:      targetId "2591_905", newLabel "they, them, themselves - (feminine plural)"

Warning: Duplicate composition key "433;909/12" - overwriting previous label.
  - previous: targetId "1791_909", newLabel "it"
  - new:      targetId "2591_909", newLabel "they"

Warning: Duplicate composition key "433;906/12" - overwriting previous label.
  - previous: targetId "1791_906", newLabel "I"
  - new:      targetId "2591_906", newLabel "we"

Warning: Duplicate composition key "433;915/12" - overwriting previous label.
  - previous: targetId "1791_915", newLabel "you"
  - new:      targetId "2591_915", newLabel "you all"

Warning: Duplicate composition key "433;916/12" - overwriting previous label.
  - previous: targetId "1791_916", newLabel "he"
  - new:      targetId "2591_916", newLabel "they"

Warning: Duplicate composition key "433;913/12" - overwriting previous label.
  - previous: targetId "1791_913", newLabel "his"
  - new:      targetId "2591_913", newLabel "their"

Warning: Duplicate composition key "433;992/12" - overwriting previous label.
  - previous: targetId "1791_992", newLabel "boy"
  - new:      targetId "2591_992", newLabel "little boys"

Warning: Duplicate composition key "710;99/10" - overwriting previous label.
  - previous: targetId "1841_99", newLabel "we (f.)"
  - new:      targetId "2715_99", newLabel "we females"

Warning: Duplicate composition key "710;5996/10" - overwriting previous label.
  - previous: targetId "1841_5996", newLabel "we women"
  - new:      targetId "2715_5996", newLabel "those women"

Warning: Duplicate composition key "710;904/10" - overwriting previous label.
  - previous: targetId "1841_904", newLabel "the woman"
  - new:      targetId "2715_904", newLabel "these women"

Warning: Duplicate composition key "710;97/10" - overwriting previous label.
  - previous: targetId "1841_97", newLabel "woman"
  - new:      targetId "2715_97", newLabel "women"

Warning: Duplicate composition key "710;6436/10" - overwriting previous label.
  - previous: targetId "1841_6436", newLabel "femininity"
  - new:      targetId "2715_6436", newLabel "womanhood"

Warning: Duplicate composition key "710;98/10" - overwriting previous label.
  - previous: targetId "1841_98", newLabel "we (f.)"
  - new:      targetId "2715_98", newLabel "women"

Warning: Duplicate composition key "710;5998/10" - overwriting previous label.
  - previous: targetId "1841_5998", newLabel "these women"
  - new:      targetId "2715_5998", newLabel "those women"

Warning: Duplicate composition key "710;5997/10" - overwriting previous label.
  - previous: targetId "1841_5997", newLabel "the woman"
  - new:      targetId "2715_5997", newLabel "the women"

Warning: Duplicate composition key "710;908/10" - overwriting previous label.
  - previous: targetId "1841_908", newLabel "a woman"
  - new:      targetId "2715_908", newLabel "some women"

Warning: Duplicate composition key "710;910/10" - overwriting previous label.
  - previous: targetId "1841_910", newLabel "me"
  - new:      targetId "2715_910", newLabel "us"

Warning: Duplicate composition key "710;6439/10" - overwriting previous label.
  - previous: targetId "1841_6439", newLabel "to me"
  - new:      targetId "2715_6439", newLabel "to us (f.)"

Warning: Duplicate composition key "710;905/10" - overwriting previous label.
  - previous: targetId "1841_905", newLabel "I (feminine)"
  - new:      targetId "2715_905", newLabel "we (f.)"

Warning: Duplicate composition key "710;909/10" - overwriting previous label.
  - previous: targetId "1841_909", newLabel "I"
  - new:      targetId "2715_909", newLabel "we"

Warning: Duplicate composition key "710;906/10" - overwriting previous label.
  - previous: targetId "1841_906", newLabel "I"
  - new:      targetId "2715_906", newLabel "we"

Warning: Duplicate composition key "710;915/10" - overwriting previous label.
  - previous: targetId "1841_915", newLabel "you (f.)"
  - new:      targetId "2715_915", newLabel "you (feminine plural)"

Warning: Duplicate composition key "710;916/10" - overwriting previous label.
  - previous: targetId "1841_916", newLabel "she"
  - new:      targetId "2715_916", newLabel "they (f.)"

Warning: Duplicate composition key "710;913/10" - overwriting previous label.
  - previous: targetId "1841_913", newLabel "my"
  - new:      targetId "2715_913", newLabel "our"

Warning: Duplicate composition key "710;992/10" - overwriting previous label.
  - previous: targetId "1841_992", newLabel "little girl"
  - new:      targetId "2715_992", newLabel "we little girls"

Warning: Duplicate composition key "433;99/10" - overwriting previous label.
  - previous: targetId "1842_99", newLabel "we"
  - new:      targetId "2716_99", newLabel "we men"

Warning: Duplicate composition key "433;5996/10" - overwriting previous label.
  - previous: targetId "1842_5996", newLabel "we"
  - new:      targetId "2716_5996", newLabel "the men of us"

Warning: Duplicate composition key "433;904/10" - overwriting previous label.
  - previous: targetId "1842_904", newLabel "the man"
  - new:      targetId "2716_904", newLabel "the men"

Warning: Duplicate composition key "433;97/10" - overwriting previous label.
  - previous: targetId "1842_97", newLabel "man"
  - new:      targetId "2716_97", newLabel "men"

Warning: Duplicate composition key "433;6436/10" - overwriting previous label.
  - previous: targetId "1842_6436", newLabel "manhood"
  - new:      targetId "2716_6436", newLabel "manhood"

Warning: Duplicate composition key "433;98/10" - overwriting previous label.
  - previous: targetId "1842_98", newLabel "we"
  - new:      targetId "2716_98", newLabel "we men"

Warning: Duplicate composition key "433;5998/10" - overwriting previous label.
  - previous: targetId "1842_5998", newLabel "we"
  - new:      targetId "2716_5998", newLabel "these men"

Warning: Duplicate composition key "433;5997/10" - overwriting previous label.
  - previous: targetId "1842_5997", newLabel "the man"
  - new:      targetId "2716_5997", newLabel "the men"

Warning: Duplicate composition key "433;908/10" - overwriting previous label.
  - previous: targetId "1842_908", newLabel "a man"
  - new:      targetId "2716_908", newLabel "some of us (m.)"

Warning: Duplicate composition key "433;910/10" - overwriting previous label.
  - previous: targetId "1842_910", newLabel "me"
  - new:      targetId "2716_910", newLabel "us"

Warning: Duplicate composition key "433;6439/10" - overwriting previous label.
  - previous: targetId "1842_6439", newLabel "to me"
  - new:      targetId "2716_6439", newLabel "to us (m.)"

Warning: Duplicate composition key "433;905/10" - overwriting previous label.
  - previous: targetId "1842_905", newLabel "I (feminine)"
  - new:      targetId "2716_905", newLabel "we (feminine)"

Warning: Duplicate composition key "433;909/10" - overwriting previous label.
  - previous: targetId "1842_909", newLabel "I"
  - new:      targetId "2716_909", newLabel "we"

Warning: Duplicate composition key "433;906/10" - overwriting previous label.
  - previous: targetId "1842_906", newLabel "I"
  - new:      targetId "2716_906", newLabel "we"

Warning: Duplicate composition key "433;915/10" - overwriting previous label.
  - previous: targetId "1842_915", newLabel "you"
  - new:      targetId "2716_915", newLabel "you (masculine plural)"

Warning: Duplicate composition key "433;916/10" - overwriting previous label.
  - previous: targetId "1842_916", newLabel "he"
  - new:      targetId "2716_916", newLabel "they"

Warning: Duplicate composition key "433;913/10" - overwriting previous label.
  - previous: targetId "1842_913", newLabel "my"
  - new:      targetId "2716_913", newLabel "our"

Warning: Duplicate composition key "433;992/10" - overwriting previous label.
  - previous: targetId "1842_992", newLabel "little me"
  - new:      targetId "2716_992", newLabel "we little boys"

Warning: Duplicate composition key "513;99/10" - overwriting previous label.
  - previous: targetId "1840_99", newLabel "we"
  - new:      targetId "2717_99", newLabel "we"

Warning: Duplicate composition key "513;5996/10" - overwriting previous label.
  - previous: targetId "1840_5996", newLabel "we"
  - new:      targetId "2717_5996", newLabel "the ones of us"

Warning: Duplicate composition key "513;904/10" - overwriting previous label.
  - previous: targetId "1840_904", newLabel "me"
  - new:      targetId "2717_904", newLabel "the us"

Warning: Duplicate composition key "513;97/10" - overwriting previous label.
  - previous: targetId "1840_97", newLabel "me"
  - new:      targetId "2717_97", newLabel "us"

Warning: Duplicate composition key "513;6436/10" - overwriting previous label.
  - previous: targetId "1840_6436", newLabel "ego"
  - new:      targetId "2717_6436", newLabel "usness"

Warning: Duplicate composition key "513;98/10" - overwriting previous label.
  - previous: targetId "1840_98", newLabel "we"
  - new:      targetId "2717_98", newLabel "we"

Warning: Duplicate composition key "513;5998/10" - overwriting previous label.
  - previous: targetId "1840_5998", newLabel "us"
  - new:      targetId "2717_5998", newLabel "those things"

Warning: Duplicate composition key "513;5997/10" - overwriting previous label.
  - previous: targetId "1840_5997", newLabel "the person"
  - new:      targetId "2717_5997", newLabel "the we"

Warning: Duplicate composition key "513;908/10" - overwriting previous label.
  - previous: targetId "1840_908", newLabel "someone"
  - new:      targetId "2717_908", newLabel "some of us"

Warning: Duplicate composition key "513;910/10" - overwriting previous label.
  - previous: targetId "1840_910", newLabel "me"
  - new:      targetId "2717_910", newLabel "us"

Warning: Duplicate composition key "513;6439/10" - overwriting previous label.
  - previous: targetId "1840_6439", newLabel "to me"
  - new:      targetId "2717_6439", newLabel "to us"

Warning: Duplicate composition key "513;905/10" - overwriting previous label.
  - previous: targetId "1840_905", newLabel "woman"
  - new:      targetId "2717_905", newLabel "we women"

Warning: Duplicate composition key "513;909/10" - overwriting previous label.
  - previous: targetId "1840_909", newLabel "it"
  - new:      targetId "2717_909", newLabel "it"

Warning: Duplicate composition key "513;906/10" - overwriting previous label.
  - previous: targetId "1840_906", newLabel "I"
  - new:      targetId "2717_906", newLabel "we"

Warning: Duplicate composition key "513;915/10" - overwriting previous label.
  - previous: targetId "1840_915", newLabel "you"
  - new:      targetId "2717_915", newLabel "you"

Warning: Duplicate composition key "513;916/10" - overwriting previous label.
  - previous: targetId "1840_916", newLabel "they"
  - new:      targetId "2717_916", newLabel "they"

Warning: Duplicate composition key "513;913/10" - overwriting previous label.
  - previous: targetId "1840_913", newLabel "my"
  - new:      targetId "2717_913", newLabel "our"

Warning: Duplicate composition key "513;992/10" - overwriting previous label.
  - previous: targetId "1840_992", newLabel "little me"
  - new:      targetId "2717_992", newLabel "we little ones"

Warning: Duplicate composition key "697;97" - overwriting previous label.
  - previous: targetId "697_97", newLabel "weight"
  - new:      targetId "2725_97", newLabel "weight"

Warning: Duplicate composition key "697;6436" - overwriting previous label.
  - previous: targetId "697_6436", newLabel "heaviness"
  - new:      targetId "2725_6436", newLabel "heaviness"

Warning: Duplicate composition key "697;98" - overwriting previous label.
  - previous: targetId "697_98", newLabel "weights"
  - new:      targetId "2725_98", newLabel "weights"

Warning: Duplicate composition key "697;5998" - overwriting previous label.
  - previous: targetId "697_5998", newLabel "the weights"
  - new:      targetId "2725_5998", newLabel "the weights"

Warning: Duplicate composition key "697;5997" - overwriting previous label.
  - previous: targetId "697_5997", newLabel "the weight"
  - new:      targetId "2725_5997", newLabel "the weight"

Warning: Duplicate composition key "840;97/RK:-2/313" - overwriting previous label.
  - previous: targetId "1227_97", newLabel "artwork"
  - new:      targetId "2763_97", newLabel "artwork"

Warning: Duplicate composition key "840;6436/RK:-2/313" - overwriting previous label.
  - previous: targetId "1227_6436", newLabel "artistic"
  - new:      targetId "2763_6436", newLabel "artistry"

Warning: Duplicate composition key "840;98/RK:-2/313" - overwriting previous label.
  - previous: targetId "1227_98", newLabel "works of art"
  - new:      targetId "2763_98", newLabel "works of art"

Warning: Duplicate composition key "840;5998/RK:-2/313" - overwriting previous label.
  - previous: targetId "1227_5998", newLabel "the arts"
  - new:      targetId "2763_5998", newLabel "the artworks"

Warning: Duplicate composition key "840;5997/RK:-2/313" - overwriting previous label.
  - previous: targetId "1227_5997", newLabel "the artwork"
  - new:      targetId "2763_5997", newLabel "the artwork"

Warning: Duplicate composition key "710;99/11" - overwriting previous label.
  - previous: targetId "2780_99", newLabel "you all (feminine)"
  - new:      targetId "2781_99", newLabel "you all"

Warning: Duplicate composition key "710;5996/11" - overwriting previous label.
  - previous: targetId "2780_5996", newLabel "the women"
  - new:      targetId "2781_5996", newLabel "you women"

Warning: Duplicate composition key "710;904/11" - overwriting previous label.
  - previous: targetId "2780_904", newLabel "the women"
  - new:      targetId "2781_904", newLabel "the woman"

Warning: Duplicate composition key "710;97/11" - overwriting previous label.
  - previous: targetId "2780_97", newLabel "women"
  - new:      targetId "2781_97", newLabel "woman"

Warning: Duplicate composition key "710;6436/11" - overwriting previous label.
  - previous: targetId "2780_6436", newLabel "femininity"
  - new:      targetId "2781_6436", newLabel "femininity"

Warning: Duplicate composition key "710;98/11" - overwriting previous label.
  - previous: targetId "2780_98", newLabel "you all"
  - new:      targetId "2781_98", newLabel "you women"

Warning: Duplicate composition key "710;5998/11" - overwriting previous label.
  - previous: targetId "2780_5998", newLabel "those women"
  - new:      targetId "2781_5998", newLabel "your things"

Warning: Duplicate composition key "710;5997/11" - overwriting previous label.
  - previous: targetId "2780_5997", newLabel "the women"
  - new:      targetId "2781_5997", newLabel "the woman"

Warning: Duplicate composition key "710;908/11" - overwriting previous label.
  - previous: targetId "2780_908", newLabel "some women"
  - new:      targetId "2781_908", newLabel "a woman"

Warning: Duplicate composition key "710;910/11" - overwriting previous label.
  - previous: targetId "2780_910", newLabel "you (f.pl.)"
  - new:      targetId "2781_910", newLabel "you"

Warning: Duplicate composition key "710;6439/11" - overwriting previous label.
  - previous: targetId "2780_6439", newLabel "to you (f.pl.)"
  - new:      targetId "2781_6439", newLabel "to you"

Warning: Duplicate composition key "710;905/11" - overwriting previous label.
  - previous: targetId "2780_905", newLabel "you women"
  - new:      targetId "2781_905", newLabel "you (feminine)"

Warning: Duplicate composition key "710;909/11" - overwriting previous label.
  - previous: targetId "2780_909", newLabel "you all"
  - new:      targetId "2781_909", newLabel "you"

Warning: Duplicate composition key "710;906/11" - overwriting previous label.
  - previous: targetId "2780_906", newLabel "we"
  - new:      targetId "2781_906", newLabel "I"

Warning: Duplicate composition key "710;915/11" - overwriting previous label.
  - previous: targetId "2780_915", newLabel "you all"
  - new:      targetId "2781_915", newLabel "you"

Warning: Duplicate composition key "710;916/11" - overwriting previous label.
  - previous: targetId "2780_916", newLabel "they"
  - new:      targetId "2781_916", newLabel "she"

Warning: Duplicate composition key "710;913/11" - overwriting previous label.
  - previous: targetId "2780_913", newLabel "your"
  - new:      targetId "2781_913", newLabel "your"

Warning: Duplicate composition key "710;992/11" - overwriting previous label.
  - previous: targetId "2780_992", newLabel "little girls"
  - new:      targetId "2781_992", newLabel "little girl"

Warning: Duplicate composition key "433;99/11" - overwriting previous label.
  - previous: targetId "2782_99", newLabel "you all"
  - new:      targetId "2783_99", newLabel "you all"

Warning: Duplicate composition key "433;5996/11" - overwriting previous label.
  - previous: targetId "2782_5996", newLabel "those men"
  - new:      targetId "2783_5996", newLabel "you all"

Warning: Duplicate composition key "433;904/11" - overwriting previous label.
  - previous: targetId "2782_904", newLabel "the men"
  - new:      targetId "2783_904", newLabel "the man"

Warning: Duplicate composition key "433;97/11" - overwriting previous label.
  - previous: targetId "2782_97", newLabel "men"
  - new:      targetId "2783_97", newLabel "your body"

Warning: Duplicate composition key "433;6436/11" - overwriting previous label.
  - previous: targetId "2782_6436", newLabel "manhood"
  - new:      targetId "2783_6436", newLabel "masculinity"

Warning: Duplicate composition key "433;98/11" - overwriting previous label.
  - previous: targetId "2782_98", newLabel "you all"
  - new:      targetId "2783_98", newLabel "you all"

Warning: Duplicate composition key "433;5998/11" - overwriting previous label.
  - previous: targetId "2782_5998", newLabel "those men"
  - new:      targetId "2783_5998", newLabel "your things"

Warning: Duplicate composition key "433;5997/11" - overwriting previous label.
  - previous: targetId "2782_5997", newLabel "the men"
  - new:      targetId "2783_5997", newLabel "the man"

Warning: Duplicate composition key "433;908/11" - overwriting previous label.
  - previous: targetId "2782_908", newLabel "some of you"
  - new:      targetId "2783_908", newLabel "a man"

Warning: Duplicate composition key "433;910/11" - overwriting previous label.
  - previous: targetId "2782_910", newLabel "you"
  - new:      targetId "2783_910", newLabel "you"

Warning: Duplicate composition key "433;6439/11" - overwriting previous label.
  - previous: targetId "2782_6439", newLabel "to you all"
  - new:      targetId "2783_6439", newLabel "to you"

Warning: Duplicate composition key "433;905/11" - overwriting previous label.
  - previous: targetId "2782_905", newLabel "you (feminine plural)"
  - new:      targetId "2783_905", newLabel "you (feminine singular)"

Warning: Duplicate composition key "433;909/11" - overwriting previous label.
  - previous: targetId "2782_909", newLabel "you all"
  - new:      targetId "2783_909", newLabel "you"

Warning: Duplicate composition key "433;906/11" - overwriting previous label.
  - previous: targetId "2782_906", newLabel "we"
  - new:      targetId "2783_906", newLabel "I"

Warning: Duplicate composition key "433;915/11" - overwriting previous label.
  - previous: targetId "2782_915", newLabel "you all"
  - new:      targetId "2783_915", newLabel "you"

Warning: Duplicate composition key "433;916/11" - overwriting previous label.
  - previous: targetId "2782_916", newLabel "they"
  - new:      targetId "2783_916", newLabel "he"

Warning: Duplicate composition key "433;913/11" - overwriting previous label.
  - previous: targetId "2782_913", newLabel "your"
  - new:      targetId "2783_913", newLabel "your"

Warning: Duplicate composition key "433;992/11" - overwriting previous label.
  - previous: targetId "2782_992", newLabel "little you boys"
  - new:      targetId "2783_992", newLabel "little boy"

Warning: Duplicate composition key "513;99/11" - overwriting previous label.
  - previous: targetId "2784_99", newLabel "you all"
  - new:      targetId "2785_99", newLabel "you all"

Warning: Duplicate composition key "513;5996/11" - overwriting previous label.
  - previous: targetId "2784_5996", newLabel "you all"
  - new:      targetId "2785_5996", newLabel "you all"

Warning: Duplicate composition key "513;904/11" - overwriting previous label.
  - previous: targetId "2784_904", newLabel "you all"
  - new:      targetId "2785_904", newLabel "the you"

Warning: Duplicate composition key "513;97/11" - overwriting previous label.
  - previous: targetId "2784_97", newLabel "your bodies"
  - new:      targetId "2785_97", newLabel "your body"

Warning: Duplicate composition key "513;6436/11" - overwriting previous label.
  - previous: targetId "2784_6436", newLabel "your plural identity"
  - new:      targetId "2785_6436", newLabel "your identity"

Warning: Duplicate composition key "513;98/11" - overwriting previous label.
  - previous: targetId "2784_98", newLabel "you all"
  - new:      targetId "2785_98", newLabel "you all"

Warning: Duplicate composition key "513;5998/11" - overwriting previous label.
  - previous: targetId "2784_5998", newLabel "those things of yours"
  - new:      targetId "2785_5998", newLabel "your things"

Warning: Duplicate composition key "513;5997/11" - overwriting previous label.
  - previous: targetId "2784_5997", newLabel "your things"
  - new:      targetId "2785_5997", newLabel "your thing"

Warning: Duplicate composition key "513;908/11" - overwriting previous label.
  - previous: targetId "2784_908", newLabel "some of you"
  - new:      targetId "2785_908", newLabel "someone"

Warning: Duplicate composition key "513;910/11" - overwriting previous label.
  - previous: targetId "2784_910", newLabel "you all"
  - new:      targetId "2785_910", newLabel "you"

Warning: Duplicate composition key "513;6439/11" - overwriting previous label.
  - previous: targetId "2784_6439", newLabel "to you all"
  - new:      targetId "2785_6439", newLabel "to you"

Warning: Duplicate composition key "513;905/11" - overwriting previous label.
  - previous: targetId "2784_905", newLabel "you women"
  - new:      targetId "2785_905", newLabel "you (feminine)"

Warning: Duplicate composition key "513;909/11" - overwriting previous label.
  - previous: targetId "2784_909", newLabel "you all"
  - new:      targetId "2785_909", newLabel "your thing"

Warning: Duplicate composition key "513;906/11" - overwriting previous label.
  - previous: targetId "2784_906", newLabel "we"
  - new:      targetId "2785_906", newLabel "I"

Warning: Duplicate composition key "513;915/11" - overwriting previous label.
  - previous: targetId "2784_915", newLabel "you all"
  - new:      targetId "2785_915", newLabel "you"

Warning: Duplicate composition key "513;916/11" - overwriting previous label.
  - previous: targetId "2784_916", newLabel "they"
  - new:      targetId "2785_916", newLabel "he or she"

Warning: Duplicate composition key "513;913/11" - overwriting previous label.
  - previous: targetId "2784_913", newLabel "your"
  - new:      targetId "2785_913", newLabel "your"

Warning: Duplicate composition key "513;992/11" - overwriting previous label.
  - previous: targetId "2784_992", newLabel "you little ones"
  - new:      targetId "2785_992", newLabel "little you"

Warning: Duplicate composition key "710;99/11/160" - overwriting previous label.
  - previous: targetId "2788_99", newLabel "yours"
  - new:      targetId "2789_99", newLabel "your (plural)"

Warning: Duplicate composition key "710;5996/11/160" - overwriting previous label.
  - previous: targetId "2788_5996", newLabel "yours"
  - new:      targetId "2789_5996", newLabel "your hers"

Warning: Duplicate composition key "710;904/11/160" - overwriting previous label.
  - previous: targetId "2788_904", newLabel "those of yours"
  - new:      targetId "2789_904", newLabel "your specific one"

Warning: Duplicate composition key "710;97/11/160" - overwriting previous label.
  - previous: targetId "2788_97", newLabel "your things"
  - new:      targetId "2789_97", newLabel "your thing"

Warning: Duplicate composition key "710;6436/11/160" - overwriting previous label.
  - previous: targetId "2788_6436", newLabel "femininity"
  - new:      targetId "2789_6436", newLabel "femininity"

Warning: Duplicate composition key "710;98/11/160" - overwriting previous label.
  - previous: targetId "2788_98", newLabel "your things"
  - new:      targetId "2789_98", newLabel "your things"

Warning: Duplicate composition key "710;5998/11/160" - overwriting previous label.
  - previous: targetId "2788_5998", newLabel "your things"
  - new:      targetId "2789_5998", newLabel "your things"

Warning: Duplicate composition key "710;5997/11/160" - overwriting previous label.
  - previous: targetId "2788_5997", newLabel "your things"
  - new:      targetId "2789_5997", newLabel "your thing"

Warning: Duplicate composition key "710;908/11/160" - overwriting previous label.
  - previous: targetId "2788_908", newLabel "some of your"
  - new:      targetId "2789_908", newLabel "a female's"

Warning: Duplicate composition key "710;910/11/160" - overwriting previous label.
  - previous: targetId "2788_910", newLabel "you (f. pl. obj)"
  - new:      targetId "2789_910", newLabel "you"

Warning: Duplicate composition key "710;6439/11/160" - overwriting previous label.
  - previous: targetId "2788_6439", newLabel "to you (fem. pl.)"
  - new:      targetId "2789_6439", newLabel "to you"

Warning: Duplicate composition key "710;905/11/160" - overwriting previous label.
  - previous: targetId "2788_905", newLabel "your (f. pl.)"
  - new:      targetId "2789_905", newLabel "yours"

Warning: Duplicate composition key "710;909/11/160" - overwriting previous label.
  - previous: targetId "2788_909", newLabel "your"
  - new:      targetId "2789_909", newLabel "your"

Warning: Duplicate composition key "710;906/11/160" - overwriting previous label.
  - previous: targetId "2788_906", newLabel "our"
  - new:      targetId "2789_906", newLabel "my"

Warning: Duplicate composition key "710;915/11/160" - overwriting previous label.
  - previous: targetId "2788_915", newLabel "your"
  - new:      targetId "2789_915", newLabel "your"

Warning: Duplicate composition key "710;916/11/160" - overwriting previous label.
  - previous: targetId "2788_916", newLabel "their"
  - new:      targetId "2789_916", newLabel "her"

Warning: Duplicate composition key "710;913/11/160" - overwriting previous label.
  - previous: targetId "2788_913", newLabel "your"
  - new:      targetId "2789_913", newLabel "your"

Warning: Duplicate composition key "710;992/11/160" - overwriting previous label.
  - previous: targetId "2788_992", newLabel "your little ones"
  - new:      targetId "2789_992", newLabel "your little one"

Warning: Duplicate composition key "433;99/11/160" - overwriting previous label.
  - previous: targetId "2790_99", newLabel "your yours"
  - new:      targetId "2791_99", newLabel "your (plural)"

Warning: Duplicate composition key "433;5996/11/160" - overwriting previous label.
  - previous: targetId "2790_5996", newLabel "your (plural)"
  - new:      targetId "2791_5996", newLabel "your things"

Warning: Duplicate composition key "433;904/11/160" - overwriting previous label.
  - previous: targetId "2790_904", newLabel "your specific ones"
  - new:      targetId "2791_904", newLabel "the yours"

Warning: Duplicate composition key "433;97/11/160" - overwriting previous label.
  - previous: targetId "2790_97", newLabel "your things"
  - new:      targetId "2791_97", newLabel "your thing"

Warning: Duplicate composition key "433;6436/11/160" - overwriting previous label.
  - previous: targetId "2790_6436", newLabel "your masculinity"
  - new:      targetId "2791_6436", newLabel "masculinity"

Warning: Duplicate composition key "433;98/11/160" - overwriting previous label.
  - previous: targetId "2790_98", newLabel "your things"
  - new:      targetId "2791_98", newLabel "your things"

Warning: Duplicate composition key "433;5998/11/160" - overwriting previous label.
  - previous: targetId "2790_5998", newLabel "your things"
  - new:      targetId "2791_5998", newLabel "your things"

Warning: Duplicate composition key "433;5997/11/160" - overwriting previous label.
  - previous: targetId "2790_5997", newLabel "your things"
  - new:      targetId "2791_5997", newLabel "your thing"

Warning: Duplicate composition key "433;908/11/160" - overwriting previous label.
  - previous: targetId "2790_908", newLabel "some of your"
  - new:      targetId "2791_908", newLabel "a masculine singular possessive"

Warning: Duplicate composition key "433;910/11/160" - overwriting previous label.
  - previous: targetId "2790_910", newLabel "you"
  - new:      targetId "2791_910", newLabel "you"

Warning: Duplicate composition key "433;6439/11/160" - overwriting previous label.
  - previous: targetId "2790_6439", newLabel "to you all"
  - new:      targetId "2791_6439", newLabel "to you"

Warning: Duplicate composition key "433;905/11/160" - overwriting previous label.
  - previous: targetId "2790_905", newLabel "your (feminine plural)"
  - new:      targetId "2791_905", newLabel "your (feminine singular)"

Warning: Duplicate composition key "433;909/11/160" - overwriting previous label.
  - previous: targetId "2790_909", newLabel "your"
  - new:      targetId "2791_909", newLabel "your"

Warning: Duplicate composition key "433;906/11/160" - overwriting previous label.
  - previous: targetId "2790_906", newLabel "my"
  - new:      targetId "2791_906", newLabel "my"

Warning: Duplicate composition key "433;915/11/160" - overwriting previous label.
  - previous: targetId "2790_915", newLabel "your"
  - new:      targetId "2791_915", newLabel "your"

Warning: Duplicate composition key "433;916/11/160" - overwriting previous label.
  - previous: targetId "2790_916", newLabel "their"
  - new:      targetId "2791_916", newLabel "his"

Warning: Duplicate composition key "433;913/11/160" - overwriting previous label.
  - previous: targetId "2790_913", newLabel "your"
  - new:      targetId "2791_913", newLabel "yours"

Warning: Duplicate composition key "433;992/11/160" - overwriting previous label.
  - previous: targetId "2790_992", newLabel "your little ones"
  - new:      targetId "2791_992", newLabel "your little one"

Warning: Duplicate composition key "513;99/11/160" - overwriting previous label.
  - previous: targetId "2792_99", newLabel "your plural"
  - new:      targetId "2793_99", newLabel "your (plural)"

Warning: Duplicate composition key "513;5996/11/160" - overwriting previous label.
  - previous: targetId "2792_5996", newLabel "your things"
  - new:      targetId "2793_5996", newLabel "your things"

Warning: Duplicate composition key "513;904/11/160" - overwriting previous label.
  - previous: targetId "2792_904", newLabel "your those"
  - new:      targetId "2793_904", newLabel "your"

Warning: Duplicate composition key "513;97/11/160" - overwriting previous label.
  - previous: targetId "2792_97", newLabel "your things"
  - new:      targetId "2793_97", newLabel "your thing"

Warning: Duplicate composition key "513;6436/11/160" - overwriting previous label.
  - previous: targetId "2792_6436", newLabel "your community"
  - new:      targetId "2793_6436", newLabel "your ownership"

Warning: Duplicate composition key "513;98/11/160" - overwriting previous label.
  - previous: targetId "2792_98", newLabel "your things"
  - new:      targetId "2793_98", newLabel "your things"

Warning: Duplicate composition key "513;5998/11/160" - overwriting previous label.
  - previous: targetId "2792_5998", newLabel "your things"
  - new:      targetId "2793_5998", newLabel "your things"

Warning: Duplicate composition key "513;5997/11/160" - overwriting previous label.
  - previous: targetId "2792_5997", newLabel "your things"
  - new:      targetId "2793_5997", newLabel "your thing"

Warning: Duplicate composition key "513;908/11/160" - overwriting previous label.
  - previous: targetId "2792_908", newLabel "some of yours"
  - new:      targetId "2793_908", newLabel "some of yours"

Warning: Duplicate composition key "513;910/11/160" - overwriting previous label.
  - previous: targetId "2792_910", newLabel "you all"
  - new:      targetId "2793_910", newLabel "you"

Warning: Duplicate composition key "513;6439/11/160" - overwriting previous label.
  - previous: targetId "2792_6439", newLabel "to you all"
  - new:      targetId "2793_6439", newLabel "to you"

Warning: Duplicate composition key "513;905/11/160" - overwriting previous label.
  - previous: targetId "2792_905", newLabel "your (feminine plural)"
  - new:      targetId "2793_905", newLabel "your (feminine)"

Warning: Duplicate composition key "513;909/11/160" - overwriting previous label.
  - previous: targetId "2792_909", newLabel "their"
  - new:      targetId "2793_909", newLabel "your thing"

Warning: Duplicate composition key "513;906/11/160" - overwriting previous label.
  - previous: targetId "2792_906", newLabel "mine"
  - new:      targetId "2793_906", newLabel "mine"

Warning: Duplicate composition key "513;915/11/160" - overwriting previous label.
  - previous: targetId "2792_915", newLabel "your"
  - new:      targetId "2793_915", newLabel "your"

Warning: Duplicate composition key "513;916/11/160" - overwriting previous label.
  - previous: targetId "2792_916", newLabel "theirs"
  - new:      targetId "2793_916", newLabel "their"

Warning: Duplicate composition key "513;913/11/160" - overwriting previous label.
  - previous: targetId "2792_913", newLabel "your"
  - new:      targetId "2793_913", newLabel "yours"

Warning: Duplicate composition key "513;992/11/160" - overwriting previous label.
  - previous: targetId "2792_992", newLabel "your little things"
  - new:      targetId "2793_992", newLabel "your little one's"

Warning: Duplicate composition key "248;97" - overwriting previous label.
  - previous: targetId "248_97", newLabel "cross"
  - new:      targetId "2796_97", newLabel "cross"

Warning: Duplicate composition key "248;6436" - overwriting previous label.
  - previous: targetId "248_6436", newLabel "Christianity"
  - new:      targetId "2796_6436", newLabel "crucifixion"

Warning: Duplicate composition key "248;98" - overwriting previous label.
  - previous: targetId "248_98", newLabel "crosses"
  - new:      targetId "2796_98", newLabel "crosses"

Warning: Duplicate composition key "248;5998" - overwriting previous label.
  - previous: targetId "248_5998", newLabel "the crosses"
  - new:      targetId "2796_5998", newLabel "the crosses"

Warning: Duplicate composition key "248;5997" - overwriting previous label.
  - previous: targetId "248_5997", newLabel "the cross"
  - new:      targetId "2796_5997", newLabel "the cross"

Warning: Duplicate composition key "621;97" - overwriting previous label.
  - previous: targetId "621_97", newLabel "Star of David"
  - new:      targetId "2798_97", newLabel "Star of David"

Warning: Duplicate composition key "621;6436" - overwriting previous label.
  - previous: targetId "621_6436", newLabel "Judaism"
  - new:      targetId "2798_6436", newLabel "Judaism"

Warning: Duplicate composition key "621;98" - overwriting previous label.
  - previous: targetId "621_98", newLabel "stars of David"
  - new:      targetId "2798_98", newLabel "stars of David"

Warning: Duplicate composition key "621;5998" - overwriting previous label.
  - previous: targetId "621_5998", newLabel "the stars of David"
  - new:      targetId "2798_5998", newLabel "the stars of David"

Warning: Duplicate composition key "621;5997" - overwriting previous label.
  - previous: targetId "621_5997", newLabel "the star of David"
  - new:      targetId "2798_5997", newLabel "the star of David"

Warning: Duplicate composition key "784;97" - overwriting previous label.
  - previous: targetId "784_97", newLabel "reflection"
  - new:      targetId "2803_97", newLabel "mirror"

Warning: Duplicate composition key "784;6436" - overwriting previous label.
  - previous: targetId "784_6436", newLabel "reflectivity"
  - new:      targetId "2803_6436", newLabel "reflection"

Warning: Duplicate composition key "784;98" - overwriting previous label.
  - previous: targetId "784_98", newLabel "reflections"
  - new:      targetId "2803_98", newLabel "mirrors"

Warning: Duplicate composition key "784;5998" - overwriting previous label.
  - previous: targetId "784_5998", newLabel "the reflections"
  - new:      targetId "2803_5998", newLabel "the mirrors"

Warning: Duplicate composition key "784;5997" - overwriting previous label.
  - previous: targetId "784_5997", newLabel "the reflection"
  - new:      targetId "2803_5997", newLabel "the mirror"

Warning: Duplicate composition key "513;99/259" - overwriting previous label.
  - previous: targetId "2955_99", newLabel "dead people"
  - new:      targetId "2956_99", newLabel "dead people"

Warning: Duplicate composition key "513;5996/259" - overwriting previous label.
  - previous: targetId "2955_5996", newLabel "the dead people"
  - new:      targetId "2956_5996", newLabel "the dead"

Warning: Duplicate composition key "513;904/259" - overwriting previous label.
  - previous: targetId "2955_904", newLabel "the dead person"
  - new:      targetId "2956_904", newLabel "the dead"

Warning: Duplicate composition key "513;97/259" - overwriting previous label.
  - previous: targetId "2955_97", newLabel "corpse"
  - new:      targetId "2956_97", newLabel "corpses"

Warning: Duplicate composition key "513;6436/259" - overwriting previous label.
  - previous: targetId "2955_6436", newLabel "death"
  - new:      targetId "2956_6436", newLabel "death"

Warning: Duplicate composition key "513;98/259" - overwriting previous label.
  - previous: targetId "2955_98", newLabel "dead people"
  - new:      targetId "2956_98", newLabel "dead people"

Warning: Duplicate composition key "513;5998/259" - overwriting previous label.
  - previous: targetId "2955_5998", newLabel "the corpses"
  - new:      targetId "2956_5998", newLabel "the dead"

Warning: Duplicate composition key "513;5997/259" - overwriting previous label.
  - previous: targetId "2955_5997", newLabel "the corpse"
  - new:      targetId "2956_5997", newLabel "the dead"

Warning: Duplicate composition key "513;908/259" - overwriting previous label.
  - previous: targetId "2955_908", newLabel "a dead person"
  - new:      targetId "2956_908", newLabel "some dead people"

Warning: Duplicate composition key "513;910/259" - overwriting previous label.
  - previous: targetId "2955_910", newLabel "the dead person"
  - new:      targetId "2956_910", newLabel "the dead people"

Warning: Duplicate composition key "513;6439/259" - overwriting previous label.
  - previous: targetId "2955_6439", newLabel "to the dead person"
  - new:      targetId "2956_6439", newLabel "to the dead"

Warning: Duplicate composition key "513;905/259" - overwriting previous label.
  - previous: targetId "2955_905", newLabel "dead woman"
  - new:      targetId "2956_905", newLabel "dead women"

Warning: Duplicate composition key "513;909/259" - overwriting previous label.
  - previous: targetId "2955_909", newLabel "corpse"
  - new:      targetId "2956_909", newLabel "dead things"

Warning: Duplicate composition key "513;906/259" - overwriting previous label.
  - previous: targetId "2955_906", newLabel "I am dead"
  - new:      targetId "2956_906", newLabel "we dead people"

Warning: Duplicate composition key "513;915/259" - overwriting previous label.
  - previous: targetId "2955_915", newLabel "you dead person"
  - new:      targetId "2956_915", newLabel "your dead"

Warning: Duplicate composition key "513;916/259" - overwriting previous label.
  - previous: targetId "2955_916", newLabel "their dead person"
  - new:      targetId "2956_916", newLabel "their dead"

Warning: Duplicate composition key "513;913/259" - overwriting previous label.
  - previous: targetId "2955_913", newLabel "dead person's"
  - new:      targetId "2956_913", newLabel "dead people's"

Warning: Duplicate composition key "513;992/259" - overwriting previous label.
  - previous: targetId "2955_992", newLabel "corpselet"
  - new:      targetId "2956_992", newLabel "little dead people"

Warning: Duplicate composition key "991;97" - overwriting previous label.
  - previous: targetId "991_97", newLabel "nerve impulse"
  - new:      targetId "3063_97", newLabel "central nervous system"

Warning: Duplicate composition key "991;6436" - overwriting previous label.
  - previous: targetId "991_6436", newLabel "cognition"
  - new:      targetId "3063_6436", newLabel "neurology"

Warning: Duplicate composition key "991;98" - overwriting previous label.
  - previous: targetId "991_98", newLabel "brain signals"
  - new:      targetId "3063_98", newLabel "central nervous systems"

Warning: Duplicate composition key "991;5998" - overwriting previous label.
  - previous: targetId "991_5998", newLabel "the brain signals"
  - new:      targetId "3063_5998", newLabel "the central nervous systems"

Warning: Duplicate composition key "991;5997" - overwriting previous label.
  - previous: targetId "991_5997", newLabel "the brain signal"
  - new:      targetId "3063_5997", newLabel "the central nervous system"

Warning: Duplicate composition key "642;85/411" - overwriting previous label.
  - previous: targetId "2372_85", newLabel "sourish"
  - new:      targetId "3312_85", newLabel "picklable"

Warning: Duplicate composition key "642;86/411" - overwriting previous label.
  - previous: targetId "2372_86", newLabel "sour"
  - new:      targetId "3312_86", newLabel "pickled"

Warning: Duplicate composition key "642;84/411" - overwriting previous label.
  - previous: targetId "2372_84", newLabel "tasted sour"
  - new:      targetId "3312_84", newLabel "pickled"

Warning: Duplicate composition key "642;911/411" - overwriting previous label.
  - previous: targetId "2372_911", newLabel "sharpened"
  - new:      targetId "3312_911", newLabel "pickled"

Warning: Duplicate composition key "642;914/411" - overwriting previous label.
  - previous: targetId "2372_914", newLabel "tasting sour"
  - new:      targetId "3312_914", newLabel "pickling"

Warning: Duplicate composition key "642;912/411" - overwriting previous label.
  - previous: targetId "2372_912", newLabel "sharpened"
  - new:      targetId "3312_912", newLabel "pickled"

Warning: Duplicate composition key "642;902/411" - overwriting previous label.
  - previous: targetId "2372_902", newLabel "sourly"
  - new:      targetId "3312_902", newLabel "pickledly"

Warning: Duplicate composition key "1072;97" - overwriting previous label.
  - previous: targetId "1072_97", newLabel "shield"
  - new:      targetId "3538_97", newLabel "eaves"

Warning: Duplicate composition key "1072;6436" - overwriting previous label.
  - previous: targetId "1072_6436", newLabel "protectiveness"
  - new:      targetId "3538_6436", newLabel "shelter"

Warning: Duplicate composition key "1072;98" - overwriting previous label.
  - previous: targetId "1072_98", newLabel "protections"
  - new:      targetId "3538_98", newLabel "eaves"

Warning: Duplicate composition key "1072;5998" - overwriting previous label.
  - previous: targetId "1072_5998", newLabel "the protections"
  - new:      targetId "3538_5998", newLabel "the eaves"

Warning: Duplicate composition key "1072;5997" - overwriting previous label.
  - previous: targetId "1072_5997", newLabel "the protection with pointer"
  - new:      targetId "3538_5997", newLabel "the eaves"

Warning: Duplicate composition key "927;97" - overwriting previous label.
  - previous: targetId "927_97", newLabel "ruler"
  - new:      targetId "3555_97", newLabel "gauge"

Warning: Duplicate composition key "927;6436" - overwriting previous label.
  - previous: targetId "927_6436", newLabel "stature"
  - new:      targetId "3555_6436", newLabel "measurement"

Warning: Duplicate composition key "927;98" - overwriting previous label.
  - previous: targetId "927_98", newLabel "scales"
  - new:      targetId "3555_98", newLabel "gauges"

Warning: Duplicate composition key "927;5998" - overwriting previous label.
  - previous: targetId "927_5998", newLabel "the scales"
  - new:      targetId "3555_5998", newLabel "the gauges"

Warning: Duplicate composition key "927;5997" - overwriting previous label.
  - previous: targetId "927_5997", newLabel "the height"
  - new:      targetId "3555_5997", newLabel "the gauge"

Warning: Duplicate composition key "947;85" - overwriting previous label.
  - previous: targetId "1714_85", newLabel "fillable"
  - new:      targetId "3790_85", newLabel "fillable"

Warning: Duplicate composition key "947;86" - overwriting previous label.
  - previous: targetId "1714_86", newLabel "full"
  - new:      targetId "3790_86", newLabel "filled"

Warning: Duplicate composition key "947;84" - overwriting previous label.
  - previous: targetId "1714_84", newLabel "filled"
  - new:      targetId "3790_84", newLabel "filled"

Warning: Duplicate composition key "947;911" - overwriting previous label.
  - previous: targetId "1714_911", newLabel "filled"
  - new:      targetId "3790_911", newLabel "filled"

Warning: Duplicate composition key "947;914" - overwriting previous label.
  - previous: targetId "1714_914", newLabel "filling"
  - new:      targetId "3790_914", newLabel "filling"

Warning: Duplicate composition key "947;912" - overwriting previous label.
  - previous: targetId "1714_912", newLabel "filled"
  - new:      targetId "3790_912", newLabel "filled"

Warning: Duplicate composition key "947;902" - overwriting previous label.
  - previous: targetId "1714_902", newLabel "fully"
  - new:      targetId "3790_902", newLabel "fully"

Warning: Duplicate composition key "860;85" - overwriting previous label.
  - previous: targetId "4030_85", newLabel "dryable"
  - new:      targetId "4034_85", newLabel "dryable"

Warning: Duplicate composition key "860;86" - overwriting previous label.
  - previous: targetId "4030_86", newLabel "dry"
  - new:      targetId "4034_86", newLabel "dry"

Warning: Duplicate composition key "860;84" - overwriting previous label.
  - previous: targetId "4030_84", newLabel "dried"
  - new:      targetId "4034_84", newLabel "dried"

Warning: Duplicate composition key "860;911" - overwriting previous label.
  - previous: targetId "4030_911", newLabel "dried"
  - new:      targetId "4034_911", newLabel "dried"

Warning: Duplicate composition key "860;914" - overwriting previous label.
  - previous: targetId "4030_914", newLabel "drying"
  - new:      targetId "4034_914", newLabel "drying"

Warning: Duplicate composition key "860;912" - overwriting previous label.
  - previous: targetId "4030_912", newLabel "dried"
  - new:      targetId "4034_912", newLabel "dried"

Warning: Duplicate composition key "860;902" - overwriting previous label.
  - previous: targetId "4030_902", newLabel "driedly"
  - new:      targetId "4034_902", newLabel "dryly"

Warning: Duplicate composition key "107;97" - overwriting previous label.
  - previous: targetId "107_97", newLabel "sum"
  - new:      targetId "4152_97", newLabel "additive"

Warning: Duplicate composition key "107;6436" - overwriting previous label.
  - previous: targetId "107_6436", newLabel "addition"
  - new:      targetId "4152_6436", newLabel "addition"

Warning: Duplicate composition key "107;98" - overwriting previous label.
  - previous: targetId "107_98", newLabel "additions"
  - new:      targetId "4152_98", newLabel "additives"

Warning: Duplicate composition key "107;5998" - overwriting previous label.
  - previous: targetId "107_5998", newLabel "the additions"
  - new:      targetId "4152_5998", newLabel "the additives"

Warning: Duplicate composition key "107;5997" - overwriting previous label.
  - previous: targetId "107_5997", newLabel "the addition"
  - new:      targetId "4152_5997", newLabel "the additive"

Warning: Duplicate composition key "302;97" - overwriting previous label.
  - previous: targetId "302_97", newLabel "explosion"
  - new:      targetId "4184_97", newLabel "bomb"

Warning: Duplicate composition key "302;6436" - overwriting previous label.
  - previous: targetId "302_6436", newLabel "explosiveness"
  - new:      targetId "4184_6436", newLabel "explosiveness"

Warning: Duplicate composition key "302;98" - overwriting previous label.
  - previous: targetId "302_98", newLabel "explosions"
  - new:      targetId "4184_98", newLabel "bombs"

Warning: Duplicate composition key "302;5998" - overwriting previous label.
  - previous: targetId "302_5998", newLabel "the explosions"
  - new:      targetId "4184_5998", newLabel "the bombs"

Warning: Duplicate composition key "302;5997" - overwriting previous label.
  - previous: targetId "302_5997", newLabel "the explosion"
  - new:      targetId "4184_5997", newLabel "the bomb"

Warning: Duplicate composition key "255;97" - overwriting previous label.
  - previous: targetId "255_97", newLabel "curve"
  - new:      targetId "4185_97", newLabel "bow"

Warning: Duplicate composition key "255;6436" - overwriting previous label.
  - previous: targetId "255_6436", newLabel "curvature"
  - new:      targetId "4185_6436", newLabel "curvature"

Warning: Duplicate composition key "255;98" - overwriting previous label.
  - previous: targetId "255_98", newLabel "curves"
  - new:      targetId "4185_98", newLabel "bows"

Warning: Duplicate composition key "255;5998" - overwriting previous label.
  - previous: targetId "255_5998", newLabel "the curves"
  - new:      targetId "4185_5998", newLabel "the bows"

Warning: Duplicate composition key "255;5997" - overwriting previous label.
  - previous: targetId "255_5997", newLabel "the curve"
  - new:      targetId "4185_5997", newLabel "the bow"

Warning: Duplicate composition key "302;85" - overwriting previous label.
  - previous: targetId "4244_85", newLabel "explosive"
  - new:      targetId "4245_85", newLabel "explosive"

Warning: Duplicate composition key "302;86" - overwriting previous label.
  - previous: targetId "4244_86", newLabel "explosive"
  - new:      targetId "4245_86", newLabel "explosive"

Warning: Duplicate composition key "302;84" - overwriting previous label.
  - previous: targetId "4244_84", newLabel "exploded"
  - new:      targetId "4245_84", newLabel "exploded"

Warning: Duplicate composition key "302;911" - overwriting previous label.
  - previous: targetId "4244_911", newLabel "exploded"
  - new:      targetId "4245_911", newLabel "exploded"

Warning: Duplicate composition key "302;914" - overwriting previous label.
  - previous: targetId "4244_914", newLabel "exploding"
  - new:      targetId "4245_914", newLabel "exploding"

Warning: Duplicate composition key "302;912" - overwriting previous label.
  - previous: targetId "4244_912", newLabel "exploded"
  - new:      targetId "4245_912", newLabel "exploded"

Warning: Duplicate composition key "302;902" - overwriting previous label.
  - previous: targetId "4244_902", newLabel "explosively"
  - new:      targetId "4245_902", newLabel "explosively"

Warning: Duplicate composition key "236;85" - overwriting previous label.
  - previous: targetId "1655_85", newLabel "fertile"
  - new:      targetId "4254_85", newLabel "fertilizable"

Warning: Duplicate composition key "236;86" - overwriting previous label.
  - previous: targetId "1655_86", newLabel "fertile"
  - new:      targetId "4254_86", newLabel "fertilized"

Warning: Duplicate composition key "236;84" - overwriting previous label.
  - previous: targetId "1655_84", newLabel "fertilized"
  - new:      targetId "4254_84", newLabel "fertilized"

Warning: Duplicate composition key "236;911" - overwriting previous label.
  - previous: targetId "1655_911", newLabel "fertilized"
  - new:      targetId "4254_911", newLabel "fertilized"

Warning: Duplicate composition key "236;914" - overwriting previous label.
  - previous: targetId "1655_914", newLabel "fertilizing"
  - new:      targetId "4254_914", newLabel "fertilizing"

Warning: Duplicate composition key "236;912" - overwriting previous label.
  - previous: targetId "1655_912", newLabel "fertilized"
  - new:      targetId "4254_912", newLabel "had been fertilized"

Warning: Duplicate composition key "236;902" - overwriting previous label.
  - previous: targetId "1655_902", newLabel "fertilely"
  - new:      targetId "4254_902", newLabel "fertilizingly"

Warning: Duplicate composition key "634;97" - overwriting previous label.
  - previous: targetId "634_97", newLabel "minus sign"
  - new:      targetId "4320_97", newLabel "bar"

Warning: Duplicate composition key "634;6436" - overwriting previous label.
  - previous: targetId "634_6436", newLabel "deficit"
  - new:      targetId "4320_6436", newLabel "linearity"

Warning: Duplicate composition key "634;98" - overwriting previous label.
  - previous: targetId "634_98", newLabel "losses"
  - new:      targetId "4320_98", newLabel "bars"

Warning: Duplicate composition key "634;5998" - overwriting previous label.
  - previous: targetId "634_5998", newLabel "the losses"
  - new:      targetId "4320_5998", newLabel "the bars"

Warning: Duplicate composition key "634;5997" - overwriting previous label.
  - previous: targetId "634_5997", newLabel "the loss"
  - new:      targetId "4320_5997", newLabel "the bar"

Warning: Duplicate composition key "382;97/958" - overwriting previous label.
  - previous: targetId "1330_97", newLabel "medical device"
  - new:      targetId "4328_97", newLabel "medicine"

Warning: Duplicate composition key "382;6436/958" - overwriting previous label.
  - previous: targetId "1330_6436", newLabel "healthcare"
  - new:      targetId "4328_6436", newLabel "medicine"

Warning: Duplicate composition key "382;98/958" - overwriting previous label.
  - previous: targetId "1330_98", newLabel "medical aids"
  - new:      targetId "4328_98", newLabel "medical treatments"

Warning: Duplicate composition key "382;5998/958" - overwriting previous label.
  - previous: targetId "1330_5998", newLabel "the medical aids"
  - new:      targetId "4328_5998", newLabel "the medical treatments"

Warning: Duplicate composition key "382;5997/958" - overwriting previous label.
  - previous: targetId "1330_5997", newLabel "the medical aid"
  - new:      targetId "4328_5997", newLabel "the medical treatment"

Warning: Duplicate composition key "648;81" - overwriting previous label.
  - previous: targetId "4393_81", newLabel "will"
  - new:      targetId "4396_81", newLabel "would"

Warning: Duplicate composition key "648;82" - overwriting previous label.
  - previous: targetId "4393_82", newLabel "will"
  - new:      targetId "4396_82", newLabel "would"

Warning: Duplicate composition key "648;92" - overwriting previous label.
  - previous: targetId "4393_92", newLabel "would"
  - new:      targetId "4396_92", newLabel "would have"

Warning: Duplicate composition key "648;928" - overwriting previous label.
  - previous: targetId "4393_928", newLabel "will"
  - new:      targetId "4396_928", newLabel "should"

Warning: Duplicate composition key "648;87" - overwriting previous label.
  - previous: targetId "4393_87", newLabel "will"
  - new:      targetId "4396_87", newLabel "will have been"

Warning: Duplicate composition key "648;903" - overwriting previous label.
  - previous: targetId "4393_903", newLabel "will be doing"
  - new:      targetId "4396_903", newLabel "would be"

Warning: Duplicate composition key "648;907" - overwriting previous label.
  - previous: targetId "4393_907", newLabel "shall"
  - new:      targetId "4396_907", newLabel "should"

Warning: Duplicate composition key "648;93" - overwriting previous label.
  - previous: targetId "4393_93", newLabel "would have"
  - new:      targetId "4396_93", newLabel "would have"

Warning: Duplicate composition key "648;83" - overwriting previous label.
  - previous: targetId "4393_83", newLabel "would"
  - new:      targetId "4396_83", newLabel "would"

Warning: Duplicate composition key "648;88" - overwriting previous label.
  - previous: targetId "4393_88", newLabel "would"
  - new:      targetId "4396_88", newLabel "would"

Warning: Duplicate composition key "648;95" - overwriting previous label.
  - previous: targetId "4393_95", newLabel "would have been"
  - new:      targetId "4396_95", newLabel "would have been"

Warning: Duplicate composition key "648;91" - overwriting previous label.
  - previous: targetId "4393_91", newLabel "will be done"
  - new:      targetId "4396_91", newLabel "would be done"

Warning: Duplicate composition key "648;89" - overwriting previous label.
  - previous: targetId "4393_89", newLabel "will be done"
  - new:      targetId "4396_89", newLabel "would be done"

Warning: Duplicate composition key "648;94" - overwriting previous label.
  - previous: targetId "4393_94", newLabel "would have been"
  - new:      targetId "4396_94", newLabel "would have been"

Warning: Duplicate composition key "648;96" - overwriting previous label.
  - previous: targetId "4393_96", newLabel "would be being"
  - new:      targetId "4396_96", newLabel "would be"

Warning: Duplicate composition key "648;90" - overwriting previous label.
  - previous: targetId "4393_90", newLabel "would have been"
  - new:      targetId "4396_90", newLabel "would be done"

Warning: Duplicate composition key "516;85/894;97/956" - overwriting previous label.
  - previous: targetId "4530_85", newLabel "infectable"
  - new:      targetId "4532_85", newLabel "infectious"

Warning: Duplicate composition key "516;86/894;97/956" - overwriting previous label.
  - previous: targetId "4530_86", newLabel "infectious"
  - new:      targetId "4532_86", newLabel "infectious"

Warning: Duplicate composition key "516;84/894;97/956" - overwriting previous label.
  - previous: targetId "4530_84", newLabel "infected"
  - new:      targetId "4532_84", newLabel "infected"

Warning: Duplicate composition key "516;911/894;97/956" - overwriting previous label.
  - previous: targetId "4530_911", newLabel "infected"
  - new:      targetId "4532_911", newLabel "infected"

Warning: Duplicate composition key "516;914/894;97/956" - overwriting previous label.
  - previous: targetId "4530_914", newLabel "infecting"
  - new:      targetId "4532_914", newLabel "infecting"

Warning: Duplicate composition key "516;912/894;97/956" - overwriting previous label.
  - previous: targetId "4530_912", newLabel "had been infected"
  - new:      targetId "4532_912", newLabel "infected"

Warning: Duplicate composition key "516;902/894;97/956" - overwriting previous label.
  - previous: targetId "4530_902", newLabel "infectiously"
  - new:      targetId "4532_902", newLabel "infectiously"

Warning: Duplicate composition key "894;97" - overwriting previous label.
  - previous: targetId "894_97", newLabel "living thing"
  - new:      targetId "4553_97", newLabel "organism"

Warning: Duplicate composition key "894;6436" - overwriting previous label.
  - previous: targetId "894_6436", newLabel "existence"
  - new:      targetId "4553_6436", newLabel "life"

Warning: Duplicate composition key "894;98" - overwriting previous label.
  - previous: targetId "894_98", newLabel "beings"
  - new:      targetId "4553_98", newLabel "organisms"

Warning: Duplicate composition key "894;5998" - overwriting previous label.
  - previous: targetId "894_5998", newLabel "the beings"
  - new:      targetId "4553_5998", newLabel "the organisms"

Warning: Duplicate composition key "894;5997" - overwriting previous label.
  - previous: targetId "894_5997", newLabel "the life"
  - new:      targetId "4553_5997", newLabel "the organism"

Warning: Duplicate composition key "595;97" - overwriting previous label.
  - previous: targetId "595_97", newLabel "bathtub"
  - new:      targetId "4570_97", newLabel "sink"

Warning: Duplicate composition key "595;6436" - overwriting previous label.
  - previous: targetId "595_6436", newLabel "bathing"
  - new:      targetId "4570_6436", newLabel "bathing"

Warning: Duplicate composition key "595;98" - overwriting previous label.
  - previous: targetId "595_98", newLabel "baths"
  - new:      targetId "4570_98", newLabel "sinks"

Warning: Duplicate composition key "595;5998" - overwriting previous label.
  - previous: targetId "595_5998", newLabel "the baths"
  - new:      targetId "4570_5998", newLabel "the basins"

Warning: Duplicate composition key "595;5997" - overwriting previous label.
  - previous: targetId "595_5997", newLabel "the bath"
  - new:      targetId "4570_5997", newLabel "the sink"

Warning: Duplicate composition key "1029;97" - overwriting previous label.
  - previous: targetId "1029_97", newLabel "exchange"
  - new:      targetId "4631_97", newLabel "exchanger"

Warning: Duplicate composition key "1029;6436" - overwriting previous label.
  - previous: targetId "1029_6436", newLabel "exchangeability"
  - new:      targetId "4631_6436", newLabel "exchange"

Warning: Duplicate composition key "1029;98" - overwriting previous label.
  - previous: targetId "1029_98", newLabel "exchanges"
  - new:      targetId "4631_98", newLabel "exchangers"

Warning: Duplicate composition key "1029;5998" - overwriting previous label.
  - previous: targetId "1029_5998", newLabel "the exchanges"
  - new:      targetId "4631_5998", newLabel "the exchangers"

Warning: Duplicate composition key "1029;5997" - overwriting previous label.
  - previous: targetId "1029_5997", newLabel "the exchange"
  - new:      targetId "4631_5997", newLabel "the exchanger"

Warning: Duplicate composition key "920;97" - overwriting previous label.
  - previous: targetId "920_97", newLabel "acquisition"
  - new:      targetId "4686_97", newLabel "receiver"

Warning: Duplicate composition key "920;6436" - overwriting previous label.
  - previous: targetId "920_6436", newLabel "acquisition"
  - new:      targetId "4686_6436", newLabel "reception"

Warning: Duplicate composition key "920;98" - overwriting previous label.
  - previous: targetId "920_98", newLabel "acquisitions"
  - new:      targetId "4686_98", newLabel "receivers"

Warning: Duplicate composition key "920;5998" - overwriting previous label.
  - previous: targetId "920_5998", newLabel "the acquisitions"
  - new:      targetId "4686_5998", newLabel "the receivers"

Warning: Duplicate composition key "920;5997" - overwriting previous label.
  - previous: targetId "920_5997", newLabel "the acquisition"
  - new:      targetId "4686_5997", newLabel "the receiver"

Warning: Duplicate composition key "920;97/922" - overwriting previous label.
  - previous: targetId "4708_97", newLabel "receiver"
  - new:      targetId "4710_97", newLabel "receiver"

Warning: Duplicate composition key "920;6436/922" - overwriting previous label.
  - previous: targetId "4708_6436", newLabel "reception"
  - new:      targetId "4710_6436", newLabel "receptivity"

Warning: Duplicate composition key "920;98/922" - overwriting previous label.
  - previous: targetId "4708_98", newLabel "signal receivers"
  - new:      targetId "4710_98", newLabel "signals"

Warning: Duplicate composition key "920;5998/922" - overwriting previous label.
  - previous: targetId "4708_5998", newLabel "the signal receivers"
  - new:      targetId "4710_5998", newLabel "the signals received"

Warning: Duplicate composition key "920;5997/922" - overwriting previous label.
  - previous: targetId "4708_5997", newLabel "the signal receiver"
  - new:      targetId "4710_5997", newLabel "the signal reception"

Warning: Duplicate composition key "840;97" - overwriting previous label.
  - previous: targetId "840_97", newLabel "product"
  - new:      targetId "4739_97", newLabel "artifact"

Warning: Duplicate composition key "840;6436" - overwriting previous label.
  - previous: targetId "840_6436", newLabel "creativity"
  - new:      targetId "4739_6436", newLabel "production"

Warning: Duplicate composition key "840;98" - overwriting previous label.
  - previous: targetId "840_98", newLabel "products"
  - new:      targetId "4739_98", newLabel "artifacts"

Warning: Duplicate composition key "840;5998" - overwriting previous label.
  - previous: targetId "840_5998", newLabel "the artifacts"
  - new:      targetId "4739_5998", newLabel "the products"

Warning: Duplicate composition key "840;5997" - overwriting previous label.
  - previous: targetId "840_5997", newLabel "the artifact"
  - new:      targetId "4739_5997", newLabel "the artifact"

Warning: Duplicate composition key "431;85" - overwriting previous label.
  - previous: targetId "1958_85", newLabel "lovable"
  - new:      targetId "4748_85", newLabel "lovable"

Warning: Duplicate composition key "431;86" - overwriting previous label.
  - previous: targetId "1958_86", newLabel "lovable"
  - new:      targetId "4748_86", newLabel "loving"

Warning: Duplicate composition key "431;84" - overwriting previous label.
  - previous: targetId "1958_84", newLabel "loved"
  - new:      targetId "4748_84", newLabel "beloved"

Warning: Duplicate composition key "431;911" - overwriting previous label.
  - previous: targetId "1958_911", newLabel "loved"
  - new:      targetId "4748_911", newLabel "loved"

Warning: Duplicate composition key "431;914" - overwriting previous label.
  - previous: targetId "1958_914", newLabel "loving"
  - new:      targetId "4748_914", newLabel "loving"

Warning: Duplicate composition key "431;912" - overwriting previous label.
  - previous: targetId "1958_912", newLabel "loved"
  - new:      targetId "4748_912", newLabel "loved"

Warning: Duplicate composition key "431;902" - overwriting previous label.
  - previous: targetId "1958_902", newLabel "lovably"
  - new:      targetId "4748_902", newLabel "lovingly"

Warning: Duplicate composition key "548;85" - overwriting previous label.
  - previous: targetId "4358_85", newLabel "protectable"
  - new:      targetId "4813_85", newLabel "protectable"

Warning: Duplicate composition key "548;86" - overwriting previous label.
  - previous: targetId "4358_86", newLabel "protected"
  - new:      targetId "4813_86", newLabel "protected"

Warning: Duplicate composition key "548;84" - overwriting previous label.
  - previous: targetId "4358_84", newLabel "protected"
  - new:      targetId "4813_84", newLabel "protected"

Warning: Duplicate composition key "548;911" - overwriting previous label.
  - previous: targetId "4358_911", newLabel "protected"
  - new:      targetId "4813_911", newLabel "protected"

Warning: Duplicate composition key "548;914" - overwriting previous label.
  - previous: targetId "4358_914", newLabel "protecting"
  - new:      targetId "4813_914", newLabel "protecting"

Warning: Duplicate composition key "548;912" - overwriting previous label.
  - previous: targetId "4358_912", newLabel "protected"
  - new:      targetId "4813_912", newLabel "protected"

Warning: Duplicate composition key "548;902" - overwriting previous label.
  - previous: targetId "4358_902", newLabel "protectively"
  - new:      targetId "4813_902", newLabel "protectively"

Warning: Duplicate composition key "927;97/952" - overwriting previous label.
  - previous: targetId "3486_97", newLabel "altimeter"
  - new:      targetId "5342_97", newLabel "height"

Warning: Duplicate composition key "927;6436/952" - overwriting previous label.
  - previous: targetId "3486_6436", newLabel "altitude"
  - new:      targetId "5342_6436", newLabel "highness"

Warning: Duplicate composition key "927;98/952" - overwriting previous label.
  - previous: targetId "3486_98", newLabel "altimeters"
  - new:      targetId "5342_98", newLabel "heights"

Warning: Duplicate composition key "927;5998/952" - overwriting previous label.
  - previous: targetId "3486_5998", newLabel "the altimeters"
  - new:      targetId "5342_5998", newLabel "the heights"

Warning: Duplicate composition key "927;5997/952" - overwriting previous label.
  - previous: targetId "3486_5997", newLabel "the altimeter"
  - new:      targetId "5342_5997", newLabel "the height"

Warning: Duplicate composition key "566;97" - overwriting previous label.
  - previous: targetId "566_97", newLabel "right angle"
  - new:      targetId "5404_97", newLabel "set square"

Warning: Duplicate composition key "566;6436" - overwriting previous label.
  - previous: targetId "566_6436", newLabel "orthogonality"
  - new:      targetId "5404_6436", newLabel "right-angledness"

Warning: Duplicate composition key "566;98" - overwriting previous label.
  - previous: targetId "566_98", newLabel "right angles"
  - new:      targetId "5404_98", newLabel "set squares"

Warning: Duplicate composition key "566;5998" - overwriting previous label.
  - previous: targetId "566_5998", newLabel "the right angles"
  - new:      targetId "5404_5998", newLabel "the set squares"

Warning: Duplicate composition key "566;5997" - overwriting previous label.
  - previous: targetId "566_5997", newLabel "the right angle"
  - new:      targetId "5404_5997", newLabel "the set square"

Warning: Duplicate composition key "894;85/699" - overwriting previous label.
  - previous: targetId "2190_85", newLabel "possible"
  - new:      targetId "5441_85", newLabel "possible"

Warning: Duplicate composition key "894;86/699" - overwriting previous label.
  - previous: targetId "2190_86", newLabel "possible"
  - new:      targetId "5441_86", newLabel "possible"

Warning: Duplicate composition key "894;84/699" - overwriting previous label.
  - previous: targetId "2190_84", newLabel "probable"
  - new:      targetId "5441_84", newLabel "possible"

Warning: Duplicate composition key "894;911/699" - overwriting previous label.
  - previous: targetId "2190_911", newLabel "possibly"
  - new:      targetId "5441_911", newLabel "possibled"

Warning: Duplicate composition key "894;914/699" - overwriting previous label.
  - previous: targetId "2190_914", newLabel "possibly"
  - new:      targetId "5441_914", newLabel "possibling"

Warning: Duplicate composition key "894;912/699" - overwriting previous label.
  - previous: targetId "2190_912", newLabel "possibly been"
  - new:      targetId "5441_912", newLabel "been possible"

Warning: Duplicate composition key "894;902/699" - overwriting previous label.
  - previous: targetId "2190_902", newLabel "possibly"
  - new:      targetId "5441_902", newLabel "possibly"

Warning: Duplicate composition key "313;85/271/109/930" - overwriting previous label.
  - previous: targetId "5791_85", newLabel "disappointing"
  - new:      targetId "5792_85", newLabel "disappointable"

Warning: Duplicate composition key "313;86/271/109/930" - overwriting previous label.
  - previous: targetId "5791_86", newLabel "disappointed"
  - new:      targetId "5792_86", newLabel "disappointing"

Warning: Duplicate composition key "313;84/271/109/930" - overwriting previous label.
  - previous: targetId "5791_84", newLabel "disappointed"
  - new:      targetId "5792_84", newLabel "disappointed"

Warning: Duplicate composition key "313;911/271/109/930" - overwriting previous label.
  - previous: targetId "5791_911", newLabel "disappointed"
  - new:      targetId "5792_911", newLabel "disappointed"

Warning: Duplicate composition key "313;914/271/109/930" - overwriting previous label.
  - previous: targetId "5791_914", newLabel "disappointing"
  - new:      targetId "5792_914", newLabel "disappointing"

Warning: Duplicate composition key "313;912/271/109/930" - overwriting previous label.
  - previous: targetId "5791_912", newLabel "had been disappointed"
  - new:      targetId "5792_912", newLabel "disappointed"

Warning: Duplicate composition key "313;902/271/109/930" - overwriting previous label.
  - previous: targetId "5791_902", newLabel "disappointedly"
  - new:      targetId "5792_902", newLabel "disappointingly"

Warning: Duplicate composition key "313;85/271/457" - overwriting previous label.
  - previous: targetId "4759_85", newLabel "depressing"
  - new:      targetId "5858_85", newLabel "boring"

Warning: Duplicate composition key "313;86/271/457" - overwriting previous label.
  - previous: targetId "4759_86", newLabel "boring"
  - new:      targetId "5858_86", newLabel "boring"

Warning: Duplicate composition key "313;84/271/457" - overwriting previous label.
  - previous: targetId "4759_84", newLabel "became boring"
  - new:      targetId "5858_84", newLabel "bored"

Warning: Duplicate composition key "313;911/271/457" - overwriting previous label.
  - previous: targetId "4759_911", newLabel "bored"
  - new:      targetId "5858_911", newLabel "bored"

Warning: Duplicate composition key "313;914/271/457" - overwriting previous label.
  - previous: targetId "4759_914", newLabel "boring"
  - new:      targetId "5858_914", newLabel "boring"

Warning: Duplicate composition key "313;912/271/457" - overwriting previous label.
  - previous: targetId "4759_912", newLabel "depressed"
  - new:      targetId "5858_912", newLabel "had been bored"

Warning: Duplicate composition key "313;902/271/457" - overwriting previous label.
  - previous: targetId "4759_902", newLabel "boringly"
  - new:      targetId "5858_902", newLabel "boredly"

Warning: Duplicate composition key "382;97/958/10/4" - overwriting previous label.
  - previous: targetId "5088_97", newLabel "first aid kit"
  - new:      targetId "5896_97", newLabel "first aid kit"

Warning: Duplicate composition key "382;6436/958/10/4" - overwriting previous label.
  - previous: targetId "5088_6436", newLabel "first aid"
  - new:      targetId "5896_6436", newLabel "first aid care"

Warning: Duplicate composition key "382;98/958/10/4" - overwriting previous label.
  - previous: targetId "5088_98", newLabel "first aid kits"
  - new:      targetId "5896_98", newLabel "first aid kits"

Warning: Duplicate composition key "382;5998/958/10/4" - overwriting previous label.
  - previous: targetId "5088_5998", newLabel "the first aid kits"
  - new:      targetId "5896_5998", newLabel "the first aid kits"

Warning: Duplicate composition key "382;5997/958/10/4" - overwriting previous label.
  - previous: targetId "5088_5997", newLabel "the first aid kit"
  - new:      targetId "5896_5997", newLabel "the first aid kit"

Warning: Duplicate composition key "844;97" - overwriting previous label.
  - previous: targetId "844_97", newLabel "pointer"
  - new:      targetId "5950_97", newLabel "pointer"

Warning: Duplicate composition key "844;6436" - overwriting previous label.
  - previous: targetId "844_6436", newLabel "direction"
  - new:      targetId "5950_6436", newLabel "indication"

Warning: Duplicate composition key "844;98" - overwriting previous label.
  - previous: targetId "844_98", newLabel "pointings"
  - new:      targetId "5950_98", newLabel "pointers"

Warning: Duplicate composition key "844;5998" - overwriting previous label.
  - previous: targetId "844_5998", newLabel "the pointings"
  - new:      targetId "5950_5998", newLabel "the pointers"

Warning: Duplicate composition key "844;5997" - overwriting previous label.
  - previous: targetId "844_5997", newLabel "the pointer"
  - new:      targetId "5950_5997", newLabel "the pointer"

Warning: Duplicate composition key "1090;97" - overwriting previous label.
  - previous: targetId "1090_97", newLabel "spiral"
  - new:      targetId "5993_97", newLabel "wrapping"

Warning: Duplicate composition key "1090;6436" - overwriting previous label.
  - previous: targetId "1090_6436", newLabel "spiral shape"
  - new:      targetId "5993_6436", newLabel "wrap"

Warning: Duplicate composition key "1090;98" - overwriting previous label.
  - previous: targetId "1090_98", newLabel "spirals"
  - new:      targetId "5993_98", newLabel "wrappings"

Warning: Duplicate composition key "1090;5998" - overwriting previous label.
  - previous: targetId "1090_5998", newLabel "the spirals"
  - new:      targetId "5993_5998", newLabel "the wrappings"

Warning: Duplicate composition key "1090;5997" - overwriting previous label.
  - previous: targetId "1090_5997", newLabel "the spiral"
  - new:      targetId "5993_5997", newLabel "the wrapping"

Warning: Duplicate composition key "960;85" - overwriting previous label.
  - previous: targetId "6005_85", newLabel "allowable"
  - new:      targetId "6006_85", newLabel "allowable"

Warning: Duplicate composition key "960;86" - overwriting previous label.
  - previous: targetId "6005_86", newLabel "permissible"
  - new:      targetId "6006_86", newLabel "permissible"

Warning: Duplicate composition key "960;84" - overwriting previous label.
  - previous: targetId "6005_84", newLabel "allowed"
  - new:      targetId "6006_84", newLabel "permitted"

Warning: Duplicate composition key "960;911" - overwriting previous label.
  - previous: targetId "6005_911", newLabel "allowed"
  - new:      targetId "6006_911", newLabel "allowed"

Warning: Duplicate composition key "960;914" - overwriting previous label.
  - previous: targetId "6005_914", newLabel "allowing"
  - new:      targetId "6006_914", newLabel "allowing"

Warning: Duplicate composition key "960;912" - overwriting previous label.
  - previous: targetId "6005_912", newLabel "allowed"
  - new:      targetId "6006_912", newLabel "allowed"

Warning: Duplicate composition key "960;902" - overwriting previous label.
  - previous: targetId "6005_902", newLabel "allowably"
  - new:      targetId "6006_902", newLabel "permissively"

Warning: Duplicate composition key "939;97" - overwriting previous label.
  - previous: targetId "939_97", newLabel "cross-out"
  - new:      targetId "6122_97", newLabel "eraser"

Warning: Duplicate composition key "939;6436" - overwriting previous label.
  - previous: targetId "939_6436", newLabel "deletion"
  - new:      targetId "6122_6436", newLabel "destruction"

Warning: Duplicate composition key "939;98" - overwriting previous label.
  - previous: targetId "939_98", newLabel "deletions"
  - new:      targetId "6122_98", newLabel "erasers"

Warning: Duplicate composition key "939;5998" - overwriting previous label.
  - previous: targetId "939_5998", newLabel "the deletions"
  - new:      targetId "6122_5998", newLabel "the erasers"

Warning: Duplicate composition key "939;5997" - overwriting previous label.
  - previous: targetId "939_5997", newLabel "the deletion"
  - new:      targetId "6122_5997", newLabel "the eraser"

Warning: Duplicate composition key "932;85/110" - overwriting previous label.
  - previous: targetId "6159_85", newLabel "reusable"
  - new:      targetId "6160_85", newLabel "recyclable"

Warning: Duplicate composition key "932;86/110" - overwriting previous label.
  - previous: targetId "6159_86", newLabel "reusable"
  - new:      targetId "6160_86", newLabel "recycled"

Warning: Duplicate composition key "932;84/110" - overwriting previous label.
  - previous: targetId "6159_84", newLabel "reused"
  - new:      targetId "6160_84", newLabel "recycled"

Warning: Duplicate composition key "932;911/110" - overwriting previous label.
  - previous: targetId "6159_911", newLabel "reused"
  - new:      targetId "6160_911", newLabel "reused"

Warning: Duplicate composition key "932;914/110" - overwriting previous label.
  - previous: targetId "6159_914", newLabel "reusing"
  - new:      targetId "6160_914", newLabel "recycling"

Warning: Duplicate composition key "932;912/110" - overwriting previous label.
  - previous: targetId "6159_912", newLabel "reused"
  - new:      targetId "6160_912", newLabel "recycled"

Warning: Duplicate composition key "932;902/110" - overwriting previous label.
  - previous: targetId "6159_902", newLabel "reusably"
  - new:      targetId "6160_902", newLabel "recycledly"

Warning: Duplicate composition key "6015;85/117" - overwriting previous label.
  - previous: targetId "6211_85", newLabel "ripening"
  - new:      targetId "6213_85", newLabel "ripenable"

Warning: Duplicate composition key "6015;86/117" - overwriting previous label.
  - previous: targetId "6211_86", newLabel "ripe"
  - new:      targetId "6213_86", newLabel "ripe"

Warning: Duplicate composition key "6015;84/117" - overwriting previous label.
  - previous: targetId "6211_84", newLabel "ripened"
  - new:      targetId "6213_84", newLabel "ripened"

Warning: Duplicate composition key "6015;911/117" - overwriting previous label.
  - previous: targetId "6211_911", newLabel "ripened"
  - new:      targetId "6213_911", newLabel "ripened"

Warning: Duplicate composition key "6015;914/117" - overwriting previous label.
  - previous: targetId "6211_914", newLabel "ripening"
  - new:      targetId "6213_914", newLabel "ripening"

Warning: Duplicate composition key "6015;912/117" - overwriting previous label.
  - previous: targetId "6211_912", newLabel "ripened"
  - new:      targetId "6213_912", newLabel "ripened"

Warning: Duplicate composition key "6015;902/117" - overwriting previous label.
  - previous: targetId "6211_902", newLabel "ripely"
  - new:      targetId "6213_902", newLabel "ripely"

Warning: Duplicate composition key "412;85" - overwriting previous label.
  - previous: targetId "6239_85", newLabel "knowable"
  - new:      targetId "6240_85", newLabel "knowable"

Warning: Duplicate composition key "412;86" - overwriting previous label.
  - previous: targetId "6239_86", newLabel "knowable"
  - new:      targetId "6240_86", newLabel "known"

Warning: Duplicate composition key "412;84" - overwriting previous label.
  - previous: targetId "6239_84", newLabel "known"
  - new:      targetId "6240_84", newLabel "known"

Warning: Duplicate composition key "412;911" - overwriting previous label.
  - previous: targetId "6239_911", newLabel "known"
  - new:      targetId "6240_911", newLabel "known"

Warning: Duplicate composition key "412;914" - overwriting previous label.
  - previous: targetId "6239_914", newLabel "knowing"
  - new:      targetId "6240_914", newLabel "knowing"

Warning: Duplicate composition key "412;912" - overwriting previous label.
  - previous: targetId "6239_912", newLabel "known"
  - new:      targetId "6240_912", newLabel "had known"

Warning: Duplicate composition key "412;902" - overwriting previous label.
  - previous: targetId "6239_902", newLabel "knowably"
  - new:      targetId "6240_902", newLabel "knowingly"

Warning: Duplicate composition key "920;99/321" - overwriting previous label.
  - previous: targetId "1672_99", newLabel "fishings"
  - new:      targetId "6284_99", newLabel "fishings"

Warning: Duplicate composition key "920;5996/321" - overwriting previous label.
  - previous: targetId "1672_5996", newLabel "the fishings"
  - new:      targetId "6284_5996", newLabel "the fishings"

Warning: Duplicate composition key "920;904/321" - overwriting previous label.
  - previous: targetId "1672_904", newLabel "the fishing"
  - new:      targetId "6284_904", newLabel "the fishing"

Warning: Duplicate composition key "920;97/321" - overwriting previous label.
  - previous: targetId "1672_97", newLabel "fishing gear"
  - new:      targetId "6284_97", newLabel "fishing rod"

Warning: Duplicate composition key "920;6436/321" - overwriting previous label.
  - previous: targetId "1672_6436", newLabel "fishery"
  - new:      targetId "6284_6436", newLabel "fishery"

Warning: Duplicate composition key "920;98/321" - overwriting previous label.
  - previous: targetId "1672_98", newLabel "fishings"
  - new:      targetId "6284_98", newLabel "fishings"

Warning: Duplicate composition key "920;5998/321" - overwriting previous label.
  - previous: targetId "1672_5998", newLabel "the fishings"
  - new:      targetId "6284_5998", newLabel "the fishings"

Warning: Duplicate composition key "920;5997/321" - overwriting previous label.
  - previous: targetId "1672_5997", newLabel "the fishing"
  - new:      targetId "6284_5997", newLabel "the fishing"

Warning: Duplicate composition key "920;908/321" - overwriting previous label.
  - previous: targetId "1672_908", newLabel "some fishing"
  - new:      targetId "6284_908", newLabel "some fishing"

Warning: Duplicate composition key "920;910/321" - overwriting previous label.
  - previous: targetId "1672_910", newLabel "the fish"
  - new:      targetId "6284_910", newLabel "the fish caught"

Warning: Duplicate composition key "920;6439/321" - overwriting previous label.
  - previous: targetId "1672_6439", newLabel "to fishing"
  - new:      targetId "6284_6439", newLabel "to the fishing"

Warning: Duplicate composition key "920;905/321" - overwriting previous label.
  - previous: targetId "1672_905", newLabel "fisherwoman"
  - new:      targetId "6284_905", newLabel "fisherwoman"

Warning: Duplicate composition key "920;909/321" - overwriting previous label.
  - previous: targetId "1672_909", newLabel "fishing"
  - new:      targetId "6284_909", newLabel "fishing"

Warning: Duplicate composition key "920;906/321" - overwriting previous label.
  - previous: targetId "1672_906", newLabel "my fishing"
  - new:      targetId "6284_906", newLabel "my fishing"

Warning: Duplicate composition key "920;915/321" - overwriting previous label.
  - previous: targetId "1672_915", newLabel "your fishing"
  - new:      targetId "6284_915", newLabel "your fishing"

Warning: Duplicate composition key "920;916/321" - overwriting previous label.
  - previous: targetId "1672_916", newLabel "their fishing"
  - new:      targetId "6284_916", newLabel "their fishing"

Warning: Duplicate composition key "920;913/321" - overwriting previous label.
  - previous: targetId "1672_913", newLabel "fishing's"
  - new:      targetId "6284_913", newLabel "fishing's"

Warning: Duplicate composition key "920;992/321" - overwriting previous label.
  - previous: targetId "1672_992", newLabel "fishing trip"
  - new:      targetId "6284_992", newLabel "little fishing"

Warning: Duplicate composition key "719;99/920/321" - overwriting previous label.
  - previous: targetId "3198_99", newLabel "fishings"
  - new:      targetId "6285_99", newLabel "sport fishings"

Warning: Duplicate composition key "719;5996/920/321" - overwriting previous label.
  - previous: targetId "3198_5996", newLabel "the fishings"
  - new:      targetId "6285_5996", newLabel "the sport fishings"

Warning: Duplicate composition key "719;904/920/321" - overwriting previous label.
  - previous: targetId "3198_904", newLabel "the fishing sport"
  - new:      targetId "6285_904", newLabel "the fishing"

Warning: Duplicate composition key "719;97/920/321" - overwriting previous label.
  - previous: targetId "3198_97", newLabel "fishing gear"
  - new:      targetId "6285_97", newLabel "fishing rod"

Warning: Duplicate composition key "719;6436/920/321" - overwriting previous label.
  - previous: targetId "3198_6436", newLabel "fishery"
  - new:      targetId "6285_6436", newLabel "fishing"

Warning: Duplicate composition key "719;98/920/321" - overwriting previous label.
  - previous: targetId "3198_98", newLabel "fishing trips"
  - new:      targetId "6285_98", newLabel "fishing rods"

Warning: Duplicate composition key "719;5998/920/321" - overwriting previous label.
  - previous: targetId "3198_5998", newLabel "the fishings"
  - new:      targetId "6285_5998", newLabel "the fishings"

Warning: Duplicate composition key "719;5997/920/321" - overwriting previous label.
  - previous: targetId "3198_5997", newLabel "the fishing sport"
  - new:      targetId "6285_5997", newLabel "the fishing"

Warning: Duplicate composition key "719;908/920/321" - overwriting previous label.
  - previous: targetId "3198_908", newLabel "a fishing sport"
  - new:      targetId "6285_908", newLabel "a sport fishing"

Warning: Duplicate composition key "719;910/920/321" - overwriting previous label.
  - previous: targetId "3198_910", newLabel "fishing"
  - new:      targetId "6285_910", newLabel "fish"

Warning: Duplicate composition key "719;6439/920/321" - overwriting previous label.
  - previous: targetId "3198_6439", newLabel "to fishing"
  - new:      targetId "6285_6439", newLabel "to the fishing"

Warning: Duplicate composition key "719;905/920/321" - overwriting previous label.
  - previous: targetId "3198_905", newLabel "fisherwoman"
  - new:      targetId "6285_905", newLabel "female angler"

Warning: Duplicate composition key "719;909/920/321" - overwriting previous label.
  - previous: targetId "3198_909", newLabel "fishing sport"
  - new:      targetId "6285_909", newLabel "sport fishing"

Warning: Duplicate composition key "719;906/920/321" - overwriting previous label.
  - previous: targetId "3198_906", newLabel "my fishing"
  - new:      targetId "6285_906", newLabel "my sport fishing"

Warning: Duplicate composition key "719;915/920/321" - overwriting previous label.
  - previous: targetId "3198_915", newLabel "your fishing"
  - new:      targetId "6285_915", newLabel "your sport fishing"

Warning: Duplicate composition key "719;916/920/321" - overwriting previous label.
  - previous: targetId "3198_916", newLabel "their fishing"
  - new:      targetId "6285_916", newLabel "their sport fishing"

Warning: Duplicate composition key "719;913/920/321" - overwriting previous label.
  - previous: targetId "3198_913", newLabel "fishing's"
  - new:      targetId "6285_913", newLabel "fishing's"

Warning: Duplicate composition key "719;992/920/321" - overwriting previous label.
  - previous: targetId "3198_992", newLabel "fishing trip"
  - new:      targetId "6285_992", newLabel "little fishing trip"

Error: BlissSVGBuilder produced 1 warning(s) for targetId "6318_99" (dsl: "B216/XOH;;B99"):
  - [WORD_AS_PART] Multi-character text "OH" is a word and cannot be composed with ; (source: "XOH")

Error: BlissSVGBuilder produced 1 warning(s) for targetId "6318_5996" (dsl: "B216/XOH;;B5996"):
  - [WORD_AS_PART] Multi-character text "OH" is a word and cannot be composed with ; (source: "XOH")

Error: BlissSVGBuilder produced 1 warning(s) for targetId "6318_904" (dsl: "B216/XOH;;B904"):
  - [WORD_AS_PART] Multi-character text "OH" is a word and cannot be composed with ; (source: "XOH")

Error: BlissSVGBuilder produced 1 warning(s) for targetId "6318_97" (dsl: "B216/XOH;;B97"):
  - [WORD_AS_PART] Multi-character text "OH" is a word and cannot be composed with ; (source: "XOH")

Error: BlissSVGBuilder produced 1 warning(s) for targetId "6318_6436" (dsl: "B216/XOH;;B6436"):
  - [WORD_AS_PART] Multi-character text "OH" is a word and cannot be composed with ; (source: "XOH")

Error: BlissSVGBuilder produced 1 warning(s) for targetId "6318_98" (dsl: "B216/XOH;;B98"):
  - [WORD_AS_PART] Multi-character text "OH" is a word and cannot be composed with ; (source: "XOH")

Error: BlissSVGBuilder produced 1 warning(s) for targetId "6318_5998" (dsl: "B216/XOH;;B5998"):
  - [WORD_AS_PART] Multi-character text "OH" is a word and cannot be composed with ; (source: "XOH")

Error: BlissSVGBuilder produced 1 warning(s) for targetId "6318_5997" (dsl: "B216/XOH;;B5997"):
  - [WORD_AS_PART] Multi-character text "OH" is a word and cannot be composed with ; (source: "XOH")

Error: BlissSVGBuilder produced 1 warning(s) for targetId "6318_908" (dsl: "B216/XOH;;B908"):
  - [WORD_AS_PART] Multi-character text "OH" is a word and cannot be composed with ; (source: "XOH")

Error: BlissSVGBuilder produced 1 warning(s) for targetId "6318_910" (dsl: "B216/XOH;;B910"):
  - [WORD_AS_PART] Multi-character text "OH" is a word and cannot be composed with ; (source: "XOH")

Error: BlissSVGBuilder produced 1 warning(s) for targetId "6318_6439" (dsl: "B216/XOH;;B6439"):
  - [WORD_AS_PART] Multi-character text "OH" is a word and cannot be composed with ; (source: "XOH")

Error: BlissSVGBuilder produced 1 warning(s) for targetId "6318_905" (dsl: "B216/XOH;;B905"):
  - [WORD_AS_PART] Multi-character text "OH" is a word and cannot be composed with ; (source: "XOH")

Error: BlissSVGBuilder produced 1 warning(s) for targetId "6318_909" (dsl: "B216/XOH;;B909"):
  - [WORD_AS_PART] Multi-character text "OH" is a word and cannot be composed with ; (source: "XOH")

Error: BlissSVGBuilder produced 1 warning(s) for targetId "6318_906" (dsl: "B216/XOH;;B906"):
  - [WORD_AS_PART] Multi-character text "OH" is a word and cannot be composed with ; (source: "XOH")

Error: BlissSVGBuilder produced 1 warning(s) for targetId "6318_915" (dsl: "B216/XOH;;B915"):
  - [WORD_AS_PART] Multi-character text "OH" is a word and cannot be composed with ; (source: "XOH")

Error: BlissSVGBuilder produced 1 warning(s) for targetId "6318_916" (dsl: "B216/XOH;;B916"):
  - [WORD_AS_PART] Multi-character text "OH" is a word and cannot be composed with ; (source: "XOH")

Error: BlissSVGBuilder produced 1 warning(s) for targetId "6318_913" (dsl: "B216/XOH;;B913"):
  - [WORD_AS_PART] Multi-character text "OH" is a word and cannot be composed with ; (source: "XOH")

Error: BlissSVGBuilder produced 1 warning(s) for targetId "6318_992" (dsl: "B216/XOH;;B992"):
  - [WORD_AS_PART] Multi-character text "OH" is a word and cannot be composed with ; (source: "XOH")

Warning: Duplicate composition key "313;85/449/955" - overwriting previous label.
  - previous: targetId "6345_85", newLabel "boring"
  - new:      targetId "6347_85", newLabel "boring"

Warning: Duplicate composition key "313;86/449/955" - overwriting previous label.
  - previous: targetId "6345_86", newLabel "bored"
  - new:      targetId "6347_86", newLabel "boring"

Warning: Duplicate composition key "313;84/449/955" - overwriting previous label.
  - previous: targetId "6345_84", newLabel "bored"
  - new:      targetId "6347_84", newLabel "bored"

Warning: Duplicate composition key "313;911/449/955" - overwriting previous label.
  - previous: targetId "6345_911", newLabel "bored"
  - new:      targetId "6347_911", newLabel "bored"

Warning: Duplicate composition key "313;914/449/955" - overwriting previous label.
  - previous: targetId "6345_914", newLabel "boring"
  - new:      targetId "6347_914", newLabel "boring"

Warning: Duplicate composition key "313;912/449/955" - overwriting previous label.
  - previous: targetId "6345_912", newLabel "bored"
  - new:      targetId "6347_912", newLabel "bored"

Warning: Duplicate composition key "313;902/449/955" - overwriting previous label.
  - previous: targetId "6345_902", newLabel "boredly"
  - new:      targetId "6347_902", newLabel "boringly"

Warning: Duplicate composition key "447;99/783" - overwriting previous label.
  - previous: targetId "5664_99", newLabel "confusions"
  - new:      targetId "6355_99", newLabel "confusions"

Warning: Duplicate composition key "447;5996/783" - overwriting previous label.
  - previous: targetId "5664_5996", newLabel "the confusions"
  - new:      targetId "6355_5996", newLabel "the confusions"

Warning: Duplicate composition key "447;904/783" - overwriting previous label.
  - previous: targetId "5664_904", newLabel "the confusion"
  - new:      targetId "6355_904", newLabel "the confusion"

Warning: Duplicate composition key "447;97/783" - overwriting previous label.
  - previous: targetId "5664_97", newLabel "muddle"
  - new:      targetId "6355_97", newLabel "confused thing"

Warning: Duplicate composition key "447;6436/783" - overwriting previous label.
  - previous: targetId "5664_6436", newLabel "confusedness"
  - new:      targetId "6355_6436", newLabel "confusability"

Warning: Duplicate composition key "447;98/783" - overwriting previous label.
  - previous: targetId "5664_98", newLabel "confusions"
  - new:      targetId "6355_98", newLabel "confusions"

Warning: Duplicate composition key "447;5998/783" - overwriting previous label.
  - previous: targetId "5664_5998", newLabel "the confusions"
  - new:      targetId "6355_5998", newLabel "the confusions"

Warning: Duplicate composition key "447;5997/783" - overwriting previous label.
  - previous: targetId "5664_5997", newLabel "the confusion"
  - new:      targetId "6355_5997", newLabel "the confusion"

Warning: Duplicate composition key "447;908/783" - overwriting previous label.
  - previous: targetId "5664_908", newLabel "some confusion"
  - new:      targetId "6355_908", newLabel "some confusion"

Warning: Duplicate composition key "447;910/783" - overwriting previous label.
  - previous: targetId "5664_910", newLabel "confusion"
  - new:      targetId "6355_910", newLabel "the confusion"

Warning: Duplicate composition key "447;6439/783" - overwriting previous label.
  - previous: targetId "5664_6439", newLabel "to the confusion"
  - new:      targetId "6355_6439", newLabel "to the confusion"

Warning: Duplicate composition key "447;905/783" - overwriting previous label.
  - previous: targetId "5664_905", newLabel "confused woman"
  - new:      targetId "6355_905", newLabel "confused woman"

Warning: Duplicate composition key "447;909/783" - overwriting previous label.
  - previous: targetId "5664_909", newLabel "confusion"
  - new:      targetId "6355_909", newLabel "confusion"

Warning: Duplicate composition key "447;906/783" - overwriting previous label.
  - previous: targetId "5664_906", newLabel "my confusion"
  - new:      targetId "6355_906", newLabel "my confusion"

Warning: Duplicate composition key "447;915/783" - overwriting previous label.
  - previous: targetId "5664_915", newLabel "your confusion"
  - new:      targetId "6355_915", newLabel "your confusion"

Warning: Duplicate composition key "447;916/783" - overwriting previous label.
  - previous: targetId "5664_916", newLabel "their confusion"
  - new:      targetId "6355_916", newLabel "their confusion"

Warning: Duplicate composition key "447;913/783" - overwriting previous label.
  - previous: targetId "5664_913", newLabel "confusion's"
  - new:      targetId "6355_913", newLabel "confusion's"

Warning: Duplicate composition key "447;992/783" - overwriting previous label.
  - previous: targetId "5664_992", newLabel "puzzlement"
  - new:      targetId "6355_992", newLabel "slight confusion"

Warning: Duplicate composition key "313;85/783" - overwriting previous label.
  - previous: targetId "6354_85", newLabel "confusing"
  - new:      targetId "6356_85", newLabel "confusable"

Warning: Duplicate composition key "313;86/783" - overwriting previous label.
  - previous: targetId "6354_86", newLabel "confused"
  - new:      targetId "6356_86", newLabel "confusing"

Warning: Duplicate composition key "313;84/783" - overwriting previous label.
  - previous: targetId "6354_84", newLabel "confused"
  - new:      targetId "6356_84", newLabel "confused"

Warning: Duplicate composition key "313;911/783" - overwriting previous label.
  - previous: targetId "6354_911", newLabel "confused"
  - new:      targetId "6356_911", newLabel "confused"

Warning: Duplicate composition key "313;914/783" - overwriting previous label.
  - previous: targetId "6354_914", newLabel "confusing"
  - new:      targetId "6356_914", newLabel "confusing"

Warning: Duplicate composition key "313;912/783" - overwriting previous label.
  - previous: targetId "6354_912", newLabel "confused"
  - new:      targetId "6356_912", newLabel "confused"

Warning: Duplicate composition key "313;902/783" - overwriting previous label.
  - previous: targetId "6354_902", newLabel "confusedly"
  - new:      targetId "6356_902", newLabel "confusingly"

Warning: Duplicate composition key "447;99/783" - overwriting previous label.
  - previous: targetId "6355_99", newLabel "confusions"
  - new:      targetId "6357_99", newLabel "confusions"

Warning: Duplicate composition key "447;5996/783" - overwriting previous label.
  - previous: targetId "6355_5996", newLabel "the confusions"
  - new:      targetId "6357_5996", newLabel "the confusions"

Warning: Duplicate composition key "447;904/783" - overwriting previous label.
  - previous: targetId "6355_904", newLabel "the confusion"
  - new:      targetId "6357_904", newLabel "the confusion"

Warning: Duplicate composition key "447;97/783" - overwriting previous label.
  - previous: targetId "6355_97", newLabel "confused thing"
  - new:      targetId "6357_97", newLabel "confused thing"

Warning: Duplicate composition key "447;6436/783" - overwriting previous label.
  - previous: targetId "6355_6436", newLabel "confusability"
  - new:      targetId "6357_6436", newLabel "confusability"

Warning: Duplicate composition key "447;98/783" - overwriting previous label.
  - previous: targetId "6355_98", newLabel "confusions"
  - new:      targetId "6357_98", newLabel "confusions"

Warning: Duplicate composition key "447;5998/783" - overwriting previous label.
  - previous: targetId "6355_5998", newLabel "the confusions"
  - new:      targetId "6357_5998", newLabel "the confusions"

Warning: Duplicate composition key "447;5997/783" - overwriting previous label.
  - previous: targetId "6355_5997", newLabel "the confusion"
  - new:      targetId "6357_5997", newLabel "the confusion"

Warning: Duplicate composition key "447;908/783" - overwriting previous label.
  - previous: targetId "6355_908", newLabel "some confusion"
  - new:      targetId "6357_908", newLabel "a confusion"

Warning: Duplicate composition key "447;910/783" - overwriting previous label.
  - previous: targetId "6355_910", newLabel "the confusion"
  - new:      targetId "6357_910", newLabel "the confusion"

Warning: Duplicate composition key "447;6439/783" - overwriting previous label.
  - previous: targetId "6355_6439", newLabel "to the confusion"
  - new:      targetId "6357_6439", newLabel "to the confusion"

Warning: Duplicate composition key "447;905/783" - overwriting previous label.
  - previous: targetId "6355_905", newLabel "confused woman"
  - new:      targetId "6357_905", newLabel "confused woman"

Warning: Duplicate composition key "447;909/783" - overwriting previous label.
  - previous: targetId "6355_909", newLabel "confusion"
  - new:      targetId "6357_909", newLabel "confused"

Warning: Duplicate composition key "447;906/783" - overwriting previous label.
  - previous: targetId "6355_906", newLabel "my confusion"
  - new:      targetId "6357_906", newLabel "my confusion"

Warning: Duplicate composition key "447;915/783" - overwriting previous label.
  - previous: targetId "6355_915", newLabel "your confusion"
  - new:      targetId "6357_915", newLabel "your confusion"

Warning: Duplicate composition key "447;916/783" - overwriting previous label.
  - previous: targetId "6355_916", newLabel "their confusion"
  - new:      targetId "6357_916", newLabel "their confusion"

Warning: Duplicate composition key "447;913/783" - overwriting previous label.
  - previous: targetId "6355_913", newLabel "confusion's"
  - new:      targetId "6357_913", newLabel "confusing's"

Warning: Duplicate composition key "447;992/783" - overwriting previous label.
  - previous: targetId "6355_992", newLabel "slight confusion"
  - new:      targetId "6357_992", newLabel "slight confusion"

Warning: Duplicate composition key "985;85/313/271/401" - overwriting previous label.
  - previous: targetId "6358_85", newLabel "depressible"
  - new:      targetId "6359_85", newLabel "depressable"

Warning: Duplicate composition key "985;86/313/271/401" - overwriting previous label.
  - previous: targetId "6358_86", newLabel "depressed"
  - new:      targetId "6359_86", newLabel "depressing"

Warning: Duplicate composition key "985;84/313/271/401" - overwriting previous label.
  - previous: targetId "6358_84", newLabel "depressed"
  - new:      targetId "6359_84", newLabel "depressed"

Warning: Duplicate composition key "985;911/313/271/401" - overwriting previous label.
  - previous: targetId "6358_911", newLabel "depressed"
  - new:      targetId "6359_911", newLabel "depressed"

Warning: Duplicate composition key "985;914/313/271/401" - overwriting previous label.
  - previous: targetId "6358_914", newLabel "depressing"
  - new:      targetId "6359_914", newLabel "depressing"

Warning: Duplicate composition key "985;912/313/271/401" - overwriting previous label.
  - previous: targetId "6358_912", newLabel "depressed"
  - new:      targetId "6359_912", newLabel "depressed"

Warning: Duplicate composition key "985;902/313/271/401" - overwriting previous label.
  - previous: targetId "6358_902", newLabel "depressingly"
  - new:      targetId "6359_902", newLabel "depressingly"

Warning: Duplicate composition key "313;85/487" - overwriting previous label.
  - previous: targetId "6369_85", newLabel "can be irritating"
  - new:      targetId "6371_85", newLabel "irritable"

Warning: Duplicate composition key "313;86/487" - overwriting previous label.
  - previous: targetId "6369_86", newLabel "irritable"
  - new:      targetId "6371_86", newLabel "irritated"

Warning: Duplicate composition key "313;84/487" - overwriting previous label.
  - previous: targetId "6369_84", newLabel "irritated"
  - new:      targetId "6371_84", newLabel "irritated"

Warning: Duplicate composition key "313;911/487" - overwriting previous label.
  - previous: targetId "6369_911", newLabel "irritated"
  - new:      targetId "6371_911", newLabel "irritated"

Warning: Duplicate composition key "313;914/487" - overwriting previous label.
  - previous: targetId "6369_914", newLabel "irritating"
  - new:      targetId "6371_914", newLabel "irritating"

Warning: Duplicate composition key "313;912/487" - overwriting previous label.
  - previous: targetId "6369_912", newLabel "irritated"
  - new:      targetId "6371_912", newLabel "had been irritated"

Warning: Duplicate composition key "313;902/487" - overwriting previous label.
  - previous: targetId "6369_902", newLabel "irritably"
  - new:      targetId "6371_902", newLabel "irritably"

Warning: Duplicate composition key "313;99/487" - overwriting previous label.
  - previous: targetId "6372_99", newLabel "irritations"
  - new:      targetId "6373_99", newLabel "irritations"

Warning: Duplicate composition key "313;5996/487" - overwriting previous label.
  - previous: targetId "6372_5996", newLabel "the irritations"
  - new:      targetId "6373_5996", newLabel "the irritations"

Warning: Duplicate composition key "313;904/487" - overwriting previous label.
  - previous: targetId "6372_904", newLabel "the irritation"
  - new:      targetId "6373_904", newLabel "the irritation"

Warning: Duplicate composition key "313;97/487" - overwriting previous label.
  - previous: targetId "6372_97", newLabel "irritant"
  - new:      targetId "6373_97", newLabel "irritant"

Warning: Duplicate composition key "313;6436/487" - overwriting previous label.
  - previous: targetId "6372_6436", newLabel "irritability"
  - new:      targetId "6373_6436", newLabel "irritability"

Warning: Duplicate composition key "313;98/487" - overwriting previous label.
  - previous: targetId "6372_98", newLabel "irritations"
  - new:      targetId "6373_98", newLabel "irritations"

Warning: Duplicate composition key "313;5998/487" - overwriting previous label.
  - previous: targetId "6372_5998", newLabel "the irritations"
  - new:      targetId "6373_5998", newLabel "the irritations"

Warning: Duplicate composition key "313;5997/487" - overwriting previous label.
  - previous: targetId "6372_5997", newLabel "the irritation"
  - new:      targetId "6373_5997", newLabel "the irritation"

Warning: Duplicate composition key "313;908/487" - overwriting previous label.
  - previous: targetId "6372_908", newLabel "some irritation"
  - new:      targetId "6373_908", newLabel "an irritation"

Warning: Duplicate composition key "313;910/487" - overwriting previous label.
  - previous: targetId "6372_910", newLabel "the irritation"
  - new:      targetId "6373_910", newLabel "irritation"

Warning: Duplicate composition key "313;6439/487" - overwriting previous label.
  - previous: targetId "6372_6439", newLabel "to the irritation"
  - new:      targetId "6373_6439", newLabel "to the irritation"

Warning: Duplicate composition key "313;905/487" - overwriting previous label.
  - previous: targetId "6372_905", newLabel "irritated woman"
  - new:      targetId "6373_905", newLabel "angry woman"

Warning: Duplicate composition key "313;909/487" - overwriting previous label.
  - previous: targetId "6372_909", newLabel "irritation"
  - new:      targetId "6373_909", newLabel "irritation"

Warning: Duplicate composition key "313;906/487" - overwriting previous label.
  - previous: targetId "6372_906", newLabel "my irritation"
  - new:      targetId "6373_906", newLabel "my irritation"

Warning: Duplicate composition key "313;915/487" - overwriting previous label.
  - previous: targetId "6372_915", newLabel "your irritation"
  - new:      targetId "6373_915", newLabel "your irritation"

Warning: Duplicate composition key "313;916/487" - overwriting previous label.
  - previous: targetId "6372_916", newLabel "their irritation"
  - new:      targetId "6373_916", newLabel "their irritation"

Warning: Duplicate composition key "313;913/487" - overwriting previous label.
  - previous: targetId "6372_913", newLabel "irritation's"
  - new:      targetId "6373_913", newLabel "irritation's"

Warning: Duplicate composition key "313;992/487" - overwriting previous label.
  - previous: targetId "6372_992", newLabel "slight irritation"
  - new:      targetId "6373_992", newLabel "peeved"

Warning: Duplicate composition key "216;85/823" - overwriting previous label.
  - previous: targetId "6366_85", newLabel "sticky"
  - new:      targetId "6392_85", newLabel "glueable"

Warning: Duplicate composition key "216;86/823" - overwriting previous label.
  - previous: targetId "6366_86", newLabel "sticky"
  - new:      targetId "6392_86", newLabel "sticky"

Warning: Duplicate composition key "216;84/823" - overwriting previous label.
  - previous: targetId "6366_84", newLabel "glued"
  - new:      targetId "6392_84", newLabel "stuck"

Warning: Duplicate composition key "216;911/823" - overwriting previous label.
  - previous: targetId "6366_911", newLabel "glued"
  - new:      targetId "6392_911", newLabel "glued"

Warning: Duplicate composition key "216;914/823" - overwriting previous label.
  - previous: targetId "6366_914", newLabel "gluing"
  - new:      targetId "6392_914", newLabel "sticking"

Warning: Duplicate composition key "216;912/823" - overwriting previous label.
  - previous: targetId "6366_912", newLabel "glued"
  - new:      targetId "6392_912", newLabel "stuck"

Warning: Duplicate composition key "216;902/823" - overwriting previous label.
  - previous: targetId "6366_902", newLabel "stuckly"
  - new:      targetId "6392_902", newLabel "stickily"
